Year,Month,State,Consumption
2001,1,AK,124998.0
2001,2,AK,119951.0
2001,3,AK,164922.0
2001,4,AK,139999.0
2001,5,AK,135941.0
2001,6,AK,109335.0
2001,7,AK,118399.0
2001,8,AK,125520.0
2001,9,AK,131021.0
2001,10,AK,167824.0
2001,11,AK,176577.0
2001,12,AK,185692.0
2002,1,AK,196897.0
2002,2,AK,174584.0
2002,3,AK,179814.0
2002,4,AK,126250.0
2002,5,AK,130112.0
2002,6,AK,181551.0
2002,7,AK,123628.0
2002,8,AK,119938.0
2002,9,AK,129011.0
2002,10,AK,136729.0
2002,11,AK,123186.0
2002,12,AK,138196.0
2003,1,AK,138140.0
2003,2,AK,123204.0
2003,3,AK,113223.0
2003,4,AK,112471.0
2003,5,AK,110264.0
2003,6,AK,110352.0
2003,7,AK,130014.0
2003,8,AK,121630.0
2003,9,AK,129024.0
2003,10,AK,146033.0
2003,11,AK,137780.0
2003,12,AK,182573.0
2004,1,AK,162943.65
2004,2,AK,140205.78
2004,3,AK,129536.92
2004,4,AK,100427.05
2004,5,AK,98340.24
2004,6,AK,93911.19
2004,7,AK,128960.86
2004,8,AK,125807.79
2004,9,AK,112640.01
2004,10,AK,106980.96
2004,11,AK,89149.79
2004,12,AK,101222.23
2005,1,AK,186152.05
2005,2,AK,103212.55
2005,3,AK,95768.33
2005,4,AK,93900.27
2005,5,AK,101249.14
2005,6,AK,116697.18
2005,7,AK,110033.55
2005,8,AK,120477.18
2005,9,AK,98552.13
2005,10,AK,115674.65
2005,11,AK,120231.47
2005,12,AK,153995.6
2006,1,AK,159670.31
2006,2,AK,112909.26
2006,3,AK,119823.98
2006,4,AK,119167.27
2006,5,AK,111412.71
2006,6,AK,111966.54
2006,7,AK,131044.08
2006,8,AK,142051.71
2006,9,AK,96670.02
2006,10,AK,103590.91
2006,11,AK,126917.78
2006,12,AK,112528.51
2007,1,AK,131715.0
2007,2,AK,103282.0
2007,3,AK,199550.0
2007,4,AK,121180.0
2007,5,AK,108071.0
2007,6,AK,122521.0
2007,7,AK,155763.0
2007,8,AK,196889.0
2007,9,AK,159358.0
2007,10,AK,188192.0
2007,11,AK,165836.0
2007,12,AK,195601.0
2001,1,AL,284241.0
2001,2,AL,86653.0
2001,3,AL,80917.0
2001,4,AL,168367.0
2001,5,AL,86187.0
2001,6,AL,40885.0
2001,7,AL,39283.0
2001,8,AL,34236.0
2001,9,AL,29856.0
2001,10,AL,33788.0
2001,11,AL,31227.0
2001,12,AL,56858.0
2002,1,AL,129591.0
2002,2,AL,55959.0
2002,3,AL,54123.0
2002,4,AL,39820.0
2002,5,AL,77189.0
2002,6,AL,35128.0
2002,7,AL,32398.0
2002,8,AL,31394.0
2002,9,AL,31181.0
2002,10,AL,57010.0
2002,11,AL,40481.0
2002,12,AL,57460.0
2003,1,AL,119521.0
2003,2,AL,31480.0
2003,3,AL,52047.0
2003,4,AL,52489.0
2003,5,AL,123262.0
2003,6,AL,97423.0
2003,7,AL,26520.0
2003,8,AL,44906.0
2003,9,AL,38949.0
2003,10,AL,42910.0
2003,11,AL,27611.0
2003,12,AL,56204.0
2004,1,AL,45633.58
2004,2,AL,22854.24
2004,3,AL,21891.27
2004,4,AL,30465.78
2004,5,AL,33476.33
2004,6,AL,35568.17
2004,7,AL,41185.77
2004,8,AL,27832.51
2004,9,AL,29864.31
2004,10,AL,32577.36
2004,11,AL,42278.54
2004,12,AL,50369.21
2005,1,AL,76733.44
2005,2,AL,27221.15
2005,3,AL,21776.02
2005,4,AL,32931.6
2005,5,AL,26324.22
2005,6,AL,30678.97
2005,7,AL,32612.29
2005,8,AL,34820.77
2005,9,AL,38225.16
2005,10,AL,28402.59
2005,11,AL,33019.49
2005,12,AL,81196.91
2006,1,AL,35127.22
2006,2,AL,27897.52
2006,3,AL,22736.06
2006,4,AL,26612.0
2006,5,AL,21168.45
2006,6,AL,16940.0
2006,7,AL,18781.29
2006,8,AL,19956.28
2006,9,AL,10985.5
2006,10,AL,20798.43
2006,11,AL,23841.68
2006,12,AL,31456.73
2007,1,AL,22284.0
2007,2,AL,26439.0
2007,3,AL,21846.0
2007,4,AL,20307.0
2007,5,AL,28754.0
2007,6,AL,26122.0
2007,7,AL,14589.0
2007,8,AL,17764.0
2007,9,AL,11086.0
2007,10,AL,13051.0
2007,11,AL,11704.0
2007,12,AL,22695.0
2001,1,AR,209194.0
2001,2,AR,93610.0
2001,3,AR,101934.0
2001,4,AR,89573.0
2001,5,AR,88189.0
2001,6,AR,83827.0
2001,7,AR,86935.0
2001,8,AR,205113.0
2001,9,AR,104541.0
2001,10,AR,8894.0
2001,11,AR,10916.0
2001,12,AR,398982.0
2002,1,AR,47590.0
2002,2,AR,20959.0
2002,3,AR,22782.0
2002,4,AR,9991.0
2002,5,AR,20497.0
2002,6,AR,5316.0
2002,7,AR,13887.0
2002,8,AR,5211.0
2002,9,AR,24626.0
2002,10,AR,24081.0
2002,11,AR,25731.0
2002,12,AR,103009.0
2003,1,AR,82290.0
2003,2,AR,56311.0
2003,3,AR,29123.0
2003,4,AR,12568.0
2003,5,AR,8754.0
2003,6,AR,25914.0
2003,7,AR,74352.0
2003,8,AR,81322.0
2003,9,AR,24604.0
2003,10,AR,5877.0
2003,11,AR,12966.0
2003,12,AR,77649.0
2004,1,AR,55870.5
2004,2,AR,67067.08
2004,3,AR,105221.62
2004,4,AR,102317.22
2004,5,AR,111063.65
2004,6,AR,54944.73
2004,7,AR,56489.97
2004,8,AR,37279.9
2004,9,AR,66760.97
2004,10,AR,77198.65
2004,11,AR,30590.15
2004,12,AR,96858.89
2005,1,AR,29301.05
2005,2,AR,17310.99
2005,3,AR,21669.35
2005,4,AR,24587.67
2005,5,AR,37529.42
2005,6,AR,30052.0
2005,7,AR,38432.18
2005,8,AR,37526.4
2005,9,AR,36162.28
2005,10,AR,24526.92
2005,11,AR,20064.73
2005,12,AR,31114.1
2006,1,AR,21154.87
2006,2,AR,15097.59
2006,3,AR,15923.68
2006,4,AR,22387.82
2006,5,AR,27663.51
2006,6,AR,27524.9
2006,7,AR,27721.22
2006,8,AR,43965.53
2006,9,AR,21953.44
2006,10,AR,20786.59
2006,11,AR,27255.11
2006,12,AR,21586.32
2007,1,AR,26165.0
2007,2,AR,35852.0
2007,3,AR,8693.0
2007,4,AR,5220.0
2007,5,AR,8377.0
2007,6,AR,25742.0
2007,7,AR,11317.0
2007,8,AR,7539.0
2007,9,AR,1557.0
2007,10,AR,1525.0
2007,11,AR,11128.0
2007,12,AR,6701.0
2001,1,AZ,268016.0
2001,2,AZ,131222.0
2001,3,AZ,107962.0
2001,4,AZ,41125.0
2001,5,AZ,51063.0
2001,6,AZ,17909.0
2001,7,AZ,10931.0
2001,8,AZ,10977.0
2001,9,AZ,5991.0
2001,10,AZ,4377.0
2001,11,AZ,6329.0
2001,12,AZ,9389.0
2002,1,AZ,11164.0
2002,2,AZ,9785.0
2002,3,AZ,10871.0
2002,4,AZ,11545.0
2002,5,AZ,8974.0
2002,6,AZ,9137.0
2002,7,AZ,6193.0
2002,8,AZ,12619.0
2002,9,AZ,6560.0
2002,10,AZ,12955.0
2002,11,AZ,3784.0
2002,12,AZ,5771.0
2003,1,AZ,3484.0
2003,2,AZ,6607.0
2003,3,AZ,12390.0
2003,4,AZ,6093.0
2003,5,AZ,14497.0
2003,6,AZ,7145.0
2003,7,AZ,6200.0
2003,8,AZ,10455.0
2003,9,AZ,7456.0
2003,10,AZ,8702.0
2003,11,AZ,5852.0
2003,12,AZ,9455.0
2004,1,AZ,12861.21
2004,2,AZ,3043.72
2004,3,AZ,9814.96
2004,4,AZ,2940.73
2004,5,AZ,5753.16
2004,6,AZ,4902.11
2004,7,AZ,8305.8
2004,8,AZ,8596.74
2004,9,AZ,5602.03
2004,10,AZ,5703.79
2004,11,AZ,14422.77
2004,12,AZ,9946.09
2005,1,AZ,7412.54
2005,2,AZ,11316.82
2005,3,AZ,14351.39
2005,4,AZ,8645.84
2005,5,AZ,6500.07
2005,6,AZ,6302.48
2005,7,AZ,2835.68
2005,8,AZ,3774.83
2005,9,AZ,5654.38
2005,10,AZ,4134.67
2005,11,AZ,5193.01
2005,12,AZ,5140.06
2006,1,AZ,2311.06
2006,2,AZ,6454.66
2006,3,AZ,8459.16
2006,4,AZ,20106.65
2006,5,AZ,3902.94
2006,6,AZ,38440.26
2006,7,AZ,14305.89
2006,8,AZ,9992.54
2006,9,AZ,6573.51
2006,10,AZ,8690.82
2006,11,AZ,6871.84
2006,12,AZ,8159.98
2007,1,AZ,11650.0
2007,2,AZ,10739.0
2007,3,AZ,4556.0
2007,4,AZ,7063.0
2007,5,AZ,7417.0
2007,6,AZ,2592.0
2007,7,AZ,4534.0
2007,8,AZ,7534.0
2007,9,AZ,8995.0
2007,10,AZ,7913.0
2007,11,AZ,5822.0
2007,12,AZ,10495.0
2001,1,CA,960824.0
2001,2,CA,746165.0
2001,3,CA,598567.0
2001,4,CA,515397.0
2001,5,CA,546829.0
2001,6,CA,434632.0
2001,7,CA,452381.0
2001,8,CA,362710.0
2001,9,CA,319513.0
2001,10,CA,403787.0
2001,11,CA,359581.0
2001,12,CA,385919.0
2002,1,CA,527108.0
2002,2,CA,460479.0
2002,3,CA,567154.0
2002,4,CA,484370.0
2002,5,CA,499723.0
2002,6,CA,616239.0
2002,7,CA,714491.0
2002,8,CA,700527.0
2002,9,CA,657423.0
2002,10,CA,573185.0
2002,11,CA,569082.0
2002,12,CA,585959.0
2003,1,CA,334826.0
2003,2,CA,294002.0
2003,3,CA,377723.0
2003,4,CA,298195.0
2003,5,CA,368124.0
2003,6,CA,465392.0
2003,7,CA,550882.0
2003,8,CA,566226.0
2003,9,CA,475289.0
2003,10,CA,422359.0
2003,11,CA,323525.0
2003,12,CA,340274.0
2004,1,CA,362123.99
2004,2,CA,310431.36
2004,3,CA,405840.57
2004,4,CA,317044.4
2004,5,CA,336087.56
2004,6,CA,415288.66
2004,7,CA,432388.69
2004,8,CA,433536.76
2004,9,CA,402851.49
2004,10,CA,306704.0
2004,11,CA,358660.7
2004,12,CA,385454.93
2005,1,CA,428782.11
2005,2,CA,364774.52
2005,3,CA,420866.1
2005,4,CA,360628.69
2005,5,CA,409838.71
2005,6,CA,406022.31
2005,7,CA,456533.49
2005,8,CA,501466.1
2005,9,CA,429904.26
2005,10,CA,367300.77
2005,11,CA,366813.23
2005,12,CA,408906.26
2006,1,CA,391958.23
2006,2,CA,343375.48
2006,3,CA,365496.71
2006,4,CA,374952.17
2006,5,CA,365257.81
2006,6,CA,395063.12
2006,7,CA,448918.12
2006,8,CA,438774.55
2006,9,CA,394054.33
2006,10,CA,329901.5
2006,11,CA,331121.41
2006,12,CA,353375.3
2007,1,CA,378406.0
2007,2,CA,310575.0
2007,3,CA,333927.0
2007,4,CA,419210.0
2007,5,CA,389442.0
2007,6,CA,418638.0
2007,7,CA,415713.0
2007,8,CA,431154.0
2007,9,CA,352601.0
2007,10,CA,327048.0
2007,11,CA,350753.0
2007,12,CA,359186.0
2001,1,CO,41490.0
2001,2,CO,47510.0
2001,3,CO,56944.0
2001,4,CO,66507.0
2001,5,CO,54546.0
2001,6,CO,21899.0
2001,7,CO,19209.0
2001,8,CO,12882.0
2001,9,CO,3604.0
2001,10,CO,9002.0
2001,11,CO,8383.0
2001,12,CO,23608.0
2002,1,CO,2348.0
2002,2,CO,6065.0
2002,3,CO,10051.0
2002,4,CO,4664.0
2002,5,CO,786.0
2002,6,CO,6461.0
2002,7,CO,6903.0
2002,8,CO,1972.0
2002,9,CO,2174.0
2002,10,CO,1508.0
2002,11,CO,6189.0
2002,12,CO,4723.0
2003,1,CO,4698.0
2003,2,CO,11498.0
2003,3,CO,6494.0
2003,4,CO,5480.0
2003,5,CO,9426.0
2003,6,CO,9224.0
2003,7,CO,6593.0
2003,8,CO,2545.0
2003,9,CO,3799.0
2003,10,CO,1457.0
2003,11,CO,3429.0
2003,12,CO,5929.0
2004,1,CO,3743.16
2004,2,CO,3404.3
2004,3,CO,3336.43
2004,4,CO,1985.88
2004,5,CO,3242.65
2004,6,CO,2221.14
2004,7,CO,964.81
2004,8,CO,2519.0
2004,9,CO,1045.41
2004,10,CO,4126.33
2004,11,CO,1068.22
2004,12,CO,4554.91
2005,1,CO,2780.48
2005,2,CO,2444.37
2005,3,CO,2093.03
2005,4,CO,2467.69
2005,5,CO,3723.41
2005,6,CO,2751.58
2005,7,CO,5119.69
2005,8,CO,3599.63
2005,9,CO,3825.68
2005,10,CO,1857.02
2005,11,CO,7861.32
2005,12,CO,5233.53
2006,1,CO,4819.52
2006,2,CO,10710.64
2006,3,CO,3431.17
2006,4,CO,5222.12
2006,5,CO,5044.56
2006,6,CO,6376.5
2006,7,CO,9055.26
2006,8,CO,8969.45
2006,9,CO,4710.74
2006,10,CO,3969.13
2006,11,CO,5123.34
2006,12,CO,4783.25
2007,1,CO,3774.0
2007,2,CO,2183.0
2007,3,CO,1310.0
2007,4,CO,11489.0
2007,5,CO,23982.0
2007,6,CO,4150.0
2007,7,CO,2722.0
2007,8,CO,4063.0
2007,9,CO,3117.0
2007,10,CO,2731.0
2007,11,CO,2090.0
2007,12,CO,3352.0
2001,1,CT,1515098.0
2001,2,CT,821193.0
2001,3,CT,1318521.0
2001,4,CT,474902.0
2001,5,CT,634310.0
2001,6,CT,737438.0
2001,7,CT,505341.0
2001,8,CT,1041124.0
2001,9,CT,229360.0
2001,10,CT,317581.0
2001,11,CT,242030.0
2001,12,CT,621691.0
2002,1,CT,455570.0
2002,2,CT,315489.0
2002,3,CT,504349.0
2002,4,CT,218343.0
2002,5,CT,197440.0
2002,6,CT,155840.0
2002,7,CT,458162.0
2002,8,CT,589647.0
2002,9,CT,389290.0
2002,10,CT,332054.0
2002,11,CT,156385.0
2002,12,CT,99525.0
2003,1,CT,650934.0
2003,2,CT,576493.0
2003,3,CT,410997.0
2003,4,CT,91616.0
2003,5,CT,37281.0
2003,6,CT,198561.0
2003,7,CT,419263.0
2003,8,CT,425956.0
2003,9,CT,66916.0
2003,10,CT,101251.0
2003,11,CT,211494.0
2003,12,CT,417404.0
2004,1,CT,1103384.66
2004,2,CT,108043.87
2004,3,CT,173074.54
2004,4,CT,138778.2
2004,5,CT,90027.67
2004,6,CT,216147.38
2004,7,CT,246311.42
2004,8,CT,313145.99
2004,9,CT,130618.94
2004,10,CT,73375.68
2004,11,CT,51940.53
2004,12,CT,242681.63
2005,1,CT,871165.61
2005,2,CT,116516.11
2005,3,CT,418668.02
2005,4,CT,350129.05
2005,5,CT,45515.34
2005,6,CT,470404.91
2005,7,CT,595703.2
2005,8,CT,687246.27
2005,9,CT,486097.75
2005,10,CT,758575.62
2005,11,CT,93509.08
2005,12,CT,495963.61
2006,1,CT,75031.78
2006,2,CT,94323.35
2006,3,CT,85591.63
2006,4,CT,60936.79
2006,5,CT,80847.2
2006,6,CT,189059.78
2006,7,CT,400984.76
2006,8,CT,331146.0
2006,9,CT,179175.69
2006,10,CT,360026.51
2006,11,CT,296375.8
2006,12,CT,175894.66
2007,1,CT,297920.0
2007,2,CT,347462.0
2007,3,CT,327338.0
2007,4,CT,112823.0
2007,5,CT,110398.0
2007,6,CT,151643.0
2007,7,CT,160294.0
2007,8,CT,183252.0
2007,9,CT,127642.0
2007,10,CT,161545.0
2007,11,CT,34167.0
2007,12,CT,326760.0
2001,1,DC,25410.0
2001,2,DC,490.0
2001,3,DC,0.0
2001,4,DC,2630.0
2001,5,DC,15230.0
2001,6,DC,35210.0
2001,7,DC,60430.0
2001,8,DC,109770.0
2001,9,DC,0.0
2001,10,DC,8870.0
2001,11,DC,77990.0
2001,12,DC,0.0
2002,1,DC,0.0
2002,2,DC,13269.0
2002,3,DC,27074.0
2002,4,DC,51180.0
2002,5,DC,0.0
2002,6,DC,73995.0
2002,7,DC,229807.0
2002,8,DC,198110.0
2002,9,DC,10377.0
2002,10,DC,0.0
2002,11,DC,3210.0
2002,12,DC,13291.0
2003,1,DC,27060.0
2003,2,DC,33031.0
2003,3,DC,30493.0
2003,4,DC,2668.0
2003,5,DC,6169.0
2003,6,DC,11221.0
2003,7,DC,23778.0
2003,8,DC,55939.0
2003,9,DC,0.0
2003,10,DC,0.0
2003,11,DC,0.0
2003,12,DC,0.0
2004,1,DC,43902.0
2004,2,DC,6184.0
2004,3,DC,5166.0
2004,4,DC,404.0
2004,5,DC,11574.0
2004,6,DC,18871.0
2004,7,DC,11196.0
2004,8,DC,15064.0
2004,9,DC,4559.0
2004,10,DC,8.0
2004,11,DC,17.0
2004,12,DC,12767.0
2005,1,DC,13779.0
2005,2,DC,2091.0
2005,3,DC,0.0
2005,4,DC,0.0
2005,5,DC,577.0
2005,6,DC,98246.0
2005,7,DC,201784.0
2005,8,DC,158493.0
2005,9,DC,15039.0
2005,10,DC,28883.0
2005,11,DC,3660.0
2005,12,DC,17217.0
2006,1,DC,8642.0
2006,2,DC,7760.0
2006,3,DC,1114.0
2006,4,DC,2178.0
2006,5,DC,6642.0
2006,6,DC,13724.0
2006,7,DC,41605.0
2006,8,DC,136007.0
2006,9,DC,0.0
2006,10,DC,3493.0
2006,11,DC,0.0
2006,12,DC,9880.0
2007,1,DC,1800.0
2007,2,DC,8078.0
2007,3,DC,1633.0
2007,4,DC,3266.0
2007,5,DC,892.0
2007,6,DC,33959.0
2007,7,DC,24419.0
2007,8,DC,96336.0
2007,9,DC,14136.0
2007,10,DC,11239.0
2007,11,DC,0.0
2007,12,DC,1555.0
2001,1,DE,256313.0
2001,2,DE,122935.0
2001,3,DE,383708.0
2001,4,DE,365870.0
2001,5,DE,284332.0
2001,6,DE,234536.0
2001,7,DE,261637.0
2001,8,DE,399755.0
2001,9,DE,84680.0
2001,10,DE,274079.0
2001,11,DE,183521.0
2001,12,DE,110496.0
2002,1,DE,100310.0
2002,2,DE,66142.0
2002,3,DE,205917.0
2002,4,DE,134333.0
2002,5,DE,39049.0
2002,6,DE,132848.0
2002,7,DE,297390.0
2002,8,DE,251190.0
2002,9,DE,132187.0
2002,10,DE,140591.0
2002,11,DE,63528.0
2002,12,DE,92080.0
2003,1,DE,502257.0
2003,2,DE,496936.0
2003,3,DE,303692.0
2003,4,DE,224851.0
2003,5,DE,131608.0
2003,6,DE,214118.0
2003,7,DE,420095.0
2003,8,DE,349706.0
2003,9,DE,195273.0
2003,10,DE,141922.0
2003,11,DE,86597.0
2003,12,DE,73713.0
2004,1,DE,604748.19
2004,2,DE,72828.93
2004,3,DE,33564.51
2004,4,DE,208089.52
2004,5,DE,52852.12
2004,6,DE,50782.58
2004,7,DE,79590.8
2004,8,DE,56606.99
2004,9,DE,12184.83
2004,10,DE,16703.49
2004,11,DE,14602.56
2004,12,DE,207482.9
2005,1,DE,347098.17
2005,2,DE,23919.08
2005,3,DE,27727.92
2005,4,DE,26002.31
2005,5,DE,35171.8
2005,6,DE,212627.28
2005,7,DE,259041.85
2005,8,DE,225545.72
2005,9,DE,123690.52
2005,10,DE,92027.72
2005,11,DE,55347.84
2005,12,DE,322274.62
2006,1,DE,14373.69
2006,2,DE,12399.97
2006,3,DE,8707.61
2006,4,DE,14618.63
2006,5,DE,9310.38
2006,6,DE,14748.61
2006,7,DE,63243.1
2006,8,DE,71616.24
2006,9,DE,4877.12
2006,10,DE,14877.07
2006,11,DE,20186.13
2006,12,DE,22412.23
2007,1,DE,17951.0
2007,2,DE,87387.0
2007,3,DE,62714.0
2007,4,DE,6472.0
2007,5,DE,18706.0
2007,6,DE,39938.0
2007,7,DE,31406.0
2007,8,DE,78371.0
2007,9,DE,14032.0
2007,10,DE,40966.0
2007,11,DE,17510.0
2007,12,DE,30628.0
2001,1,FL,7416967.0
2001,2,FL,3928766.0
2001,3,FL,4437397.0
2001,4,FL,5675122.0
2001,5,FL,6012460.0
2001,6,FL,7107678.0
2001,7,FL,6667847.0
2001,8,FL,8609784.0
2001,9,FL,5269902.0
2001,10,FL,4650216.0
2001,11,FL,2976494.0
2001,12,FL,3024908.0
2002,1,FL,3267159.0
2002,2,FL,2387548.0
2002,3,FL,4783967.0
2002,4,FL,5084994.0
2002,5,FL,6294227.0
2002,6,FL,4563711.0
2002,7,FL,4715069.0
2002,8,FL,5271700.0
2002,9,FL,6194620.0
2002,10,FL,5909716.0
2002,11,FL,3229305.0
2002,12,FL,3299695.0
2003,1,FL,4579827.0
2003,2,FL,2958330.0
2003,3,FL,4704699.0
2003,4,FL,4076506.0
2003,5,FL,5951469.0
2003,6,FL,6496222.0
2003,7,FL,6764251.0
2003,8,FL,6375444.0
2003,9,FL,6406650.0
2003,10,FL,6101143.0
2003,11,FL,3152112.0
2003,12,FL,3485005.0
2004,1,FL,3440331.8
2004,2,FL,3295805.6
2004,3,FL,4176810.53
2004,4,FL,4368970.53
2004,5,FL,5322858.02
2004,6,FL,6936140.49
2004,7,FL,7014672.67
2004,8,FL,6828766.57
2004,9,FL,6222855.25
2004,10,FL,5453745.11
2004,11,FL,4050166.98
2004,12,FL,3781037.54
2005,1,FL,3776139.67
2005,2,FL,3133877.19
2005,3,FL,3792158.6
2005,4,FL,3989729.59
2005,5,FL,4936406.88
2005,6,FL,5684763.86
2005,7,FL,7359553.06
2005,8,FL,7583286.24
2005,9,FL,7303456.23
2005,10,FL,5081225.4
2005,11,FL,3628630.16
2005,12,FL,5137868.44
2006,1,FL,2943971.99
2006,2,FL,2247404.09
2006,3,FL,2017056.97
2006,4,FL,3117262.87
2006,5,FL,2778984.02
2006,6,FL,4052231.42
2006,7,FL,4166192.36
2006,8,FL,5983810.13
2006,9,FL,3377249.37
2006,10,FL,3206518.31
2006,11,FL,2553446.64
2006,12,FL,1733437.28
2007,1,FL,1775313.0
2007,2,FL,2640214.0
2007,3,FL,1824925.0
2007,4,FL,2695262.0
2007,5,FL,3236149.0
2007,6,FL,3453580.0
2007,7,FL,3660832.0
2007,8,FL,4895742.0
2007,9,FL,3413281.0
2007,10,FL,3273565.0
2007,11,FL,1149598.0
2007,12,FL,1133301.0
2001,1,GA,460661.0
2001,2,GA,163794.0
2001,3,GA,176669.0
2001,4,GA,223682.0
2001,5,GA,201003.0
2001,6,GA,189103.0
2001,7,GA,180130.0
2001,8,GA,209818.0
2001,9,GA,186515.0
2001,10,GA,180957.0
2001,11,GA,142014.0
2001,12,GA,146559.0
2002,1,GA,255903.0
2002,2,GA,130343.0
2002,3,GA,223283.0
2002,4,GA,163026.0
2002,5,GA,177599.0
2002,6,GA,100588.0
2002,7,GA,176224.0
2002,8,GA,98719.0
2002,9,GA,183528.0
2002,10,GA,248653.0
2002,11,GA,222567.0
2002,12,GA,189118.0
2003,1,GA,380045.0
2003,2,GA,130126.0
2003,3,GA,163059.0
2003,4,GA,133485.0
2003,5,GA,168026.0
2003,6,GA,129184.0
2003,7,GA,123808.0
2003,8,GA,108623.0
2003,9,GA,122748.0
2003,10,GA,182788.0
2003,11,GA,109169.0
2003,12,GA,145027.0
2004,1,GA,85368.47
2004,2,GA,92742.39
2004,3,GA,73178.22
2004,4,GA,116398.72
2004,5,GA,76839.89
2004,6,GA,70472.32
2004,7,GA,92844.65
2004,8,GA,99870.65
2004,9,GA,58991.57
2004,10,GA,67898.65
2004,11,GA,69691.54
2004,12,GA,96555.67
2005,1,GA,107024.96
2005,2,GA,58696.8
2005,3,GA,90022.33
2005,4,GA,89698.41
2005,5,GA,79827.22
2005,6,GA,76882.13
2005,7,GA,114371.19
2005,8,GA,102021.8
2005,9,GA,137694.33
2005,10,GA,105062.27
2005,11,GA,78896.25
2005,12,GA,123244.63
2006,1,GA,80816.88
2006,2,GA,63974.47
2006,3,GA,90265.26
2006,4,GA,68045.32
2006,5,GA,63017.45
2006,6,GA,55503.77
2006,7,GA,62549.05
2006,8,GA,78612.85
2006,9,GA,64390.24
2006,10,GA,62126.11
2006,11,GA,60199.06
2006,12,GA,75443.55
2007,1,GA,65263.0
2007,2,GA,64004.0
2007,3,GA,71254.0
2007,4,GA,60034.0
2007,5,GA,64866.0
2007,6,GA,63940.0
2007,7,GA,59223.0
2007,8,GA,102905.0
2007,9,GA,50968.0
2007,10,GA,60633.0
2007,11,GA,60405.0
2007,12,GA,61083.0
2001,1,HI,1176468.0
2001,2,HI,1004502.0
2001,3,HI,1168695.0
2001,4,HI,1069431.0
2001,5,HI,1115658.0
2001,6,HI,1096861.0
2001,7,HI,1199417.0
2001,8,HI,1245963.0
2001,9,HI,1186573.0
2001,10,HI,1170735.0
2001,11,HI,1099865.0
2001,12,HI,1127142.0
2002,1,HI,1235278.0
2002,2,HI,1108766.0
2002,3,HI,1282380.0
2002,4,HI,1321083.0
2002,5,HI,1301891.0
2002,6,HI,1310049.0
2002,7,HI,1361584.0
2002,8,HI,1434226.0
2002,9,HI,1342639.0
2002,10,HI,1417782.0
2002,11,HI,1268389.0
2002,12,HI,1277703.0
2003,1,HI,1033041.0
2003,2,HI,913555.0
2003,3,HI,1113367.0
2003,4,HI,1047093.0
2003,5,HI,1071708.0
2003,6,HI,1072004.0
2003,7,HI,1135796.0
2003,8,HI,1163899.0
2003,9,HI,1170013.0
2003,10,HI,1294232.0
2003,11,HI,1053851.0
2003,12,HI,1064892.0
2004,1,HI,1109777.74
2004,2,HI,1034401.52
2004,3,HI,1098344.44
2004,4,HI,1097997.79
2004,5,HI,1194829.42
2004,6,HI,1168888.88
2004,7,HI,1250576.24
2004,8,HI,1278082.81
2004,9,HI,1246727.47
2004,10,HI,1229966.33
2004,11,HI,1149611.02
2004,12,HI,1136269.59
2005,1,HI,1163460.08
2005,2,HI,922903.84
2005,3,HI,1019778.53
2005,4,HI,1096028.72
2005,5,HI,1165036.2
2005,6,HI,1152297.37
2005,7,HI,1327129.24
2005,8,HI,1436702.62
2005,9,HI,1348880.55
2005,10,HI,1189564.34
2005,11,HI,1071522.9
2005,12,HI,1238022.3
2006,1,HI,1198452.55
2006,2,HI,1001762.72
2006,3,HI,1078525.38
2006,4,HI,1111244.82
2006,5,HI,1133152.82
2006,6,HI,1236858.97
2006,7,HI,1280523.54
2006,8,HI,1465067.25
2006,9,HI,1227708.45
2006,10,HI,1220572.26
2006,11,HI,1149425.4
2006,12,HI,1107993.02
2007,1,HI,1137505.0
2007,2,HI,1007896.0
2007,3,HI,1192472.0
2007,4,HI,1066307.0
2007,5,HI,1156372.0
2007,6,HI,1170230.0
2007,7,HI,1235315.0
2007,8,HI,1265894.0
2007,9,HI,1206621.0
2007,10,HI,1260126.0
2007,11,HI,1125910.0
2007,12,HI,1118584.0
2001,1,IA,16533.0
2001,2,IA,16661.0
2001,3,IA,23768.0
2001,4,IA,16646.0
2001,5,IA,29638.0
2001,6,IA,16128.0
2001,7,IA,50335.0
2001,8,IA,43653.0
2001,9,IA,10003.0
2001,10,IA,12913.0
2001,11,IA,8069.0
2001,12,IA,11107.0
2002,1,IA,8026.0
2002,2,IA,10488.0
2002,3,IA,10119.0
2002,4,IA,10006.0
2002,5,IA,10837.0
2002,6,IA,14250.0
2002,7,IA,17932.0
2002,8,IA,21203.0
2002,9,IA,15237.0
2002,10,IA,8720.0
2002,11,IA,10401.0
2002,12,IA,8902.0
2003,1,IA,17176.0
2003,2,IA,28660.0
2003,3,IA,16861.0
2003,4,IA,8947.0
2003,5,IA,11216.0
2003,6,IA,15567.0
2003,7,IA,18853.0
2003,8,IA,36456.0
2003,9,IA,10268.0
2003,10,IA,12500.0
2003,11,IA,21843.0
2003,12,IA,26420.0
2004,1,IA,41343.48
2004,2,IA,10135.57
2004,3,IA,21223.72
2004,4,IA,19223.67
2004,5,IA,30853.84
2004,6,IA,19269.79
2004,7,IA,9793.27
2004,8,IA,17191.99
2004,9,IA,16419.33
2004,10,IA,23211.36
2004,11,IA,16415.84
2004,12,IA,21663.49
2005,1,IA,34903.2
2005,2,IA,14463.8
2005,3,IA,18730.34
2005,4,IA,33797.82
2005,5,IA,22358.38
2005,6,IA,38800.3
2005,7,IA,31802.18
2005,8,IA,34186.07
2005,9,IA,23490.17
2005,10,IA,29919.59
2005,11,IA,28821.88
2005,12,IA,50207.89
2006,1,IA,48431.58
2006,2,IA,33953.09
2006,3,IA,28329.99
2006,4,IA,35226.52
2006,5,IA,30131.21
2006,6,IA,41537.57
2006,7,IA,69130.36
2006,8,IA,49786.39
2006,9,IA,31153.22
2006,10,IA,42726.59
2006,11,IA,33420.57
2006,12,IA,32411.8
2007,1,IA,49892.0
2007,2,IA,92278.0
2007,3,IA,45097.0
2007,4,IA,48724.0
2007,5,IA,50665.0
2007,6,IA,103275.0
2007,7,IA,65465.0
2007,8,IA,55611.0
2007,9,IA,40381.0
2007,10,IA,59847.0
2007,11,IA,45999.0
2007,12,IA,49770.0
2001,1,ID,1702.0
2001,2,ID,1946.0
2001,3,ID,1600.0
2001,4,ID,576.0
2001,5,ID,834.0
2001,6,ID,47.0
2001,7,ID,0.0
2001,8,ID,25.0
2001,9,ID,18.0
2001,10,ID,39.0
2001,11,ID,129.0
2001,12,ID,25.0
2002,1,ID,37.0
2002,2,ID,0.0
2002,3,ID,0.0
2002,4,ID,39.0
2002,5,ID,0.0
2002,6,ID,0.0
2002,7,ID,28.0
2002,8,ID,0.0
2002,9,ID,0.0
2002,10,ID,19.0
2002,11,ID,0.0
2002,12,ID,2.0
2003,1,ID,13.0
2003,2,ID,0.0
2003,3,ID,12.0
2003,4,ID,17.0
2003,5,ID,0.0
2003,6,ID,71.0
2003,7,ID,0.0
2003,8,ID,15.0
2003,9,ID,0.0
2003,10,ID,0.0
2003,11,ID,39.0
2003,12,ID,43.0
2004,1,ID,21.25
2004,2,ID,21.25
2004,3,ID,21.25
2004,4,ID,21.25
2004,5,ID,21.25
2004,6,ID,21.25
2004,7,ID,21.25
2004,8,ID,21.25
2004,9,ID,21.25
2004,10,ID,21.25
2004,11,ID,21.25
2004,12,ID,21.25
2005,1,ID,2.3
2005,2,ID,0.79
2005,3,ID,0.88
2005,4,ID,1.06
2005,5,ID,0.98
2005,6,ID,1.28
2005,7,ID,1.3
2005,8,ID,1.53
2005,9,ID,1.0
2005,10,ID,1.11
2005,11,ID,0.89
2005,12,ID,1.89
2006,1,ID,34.91
2006,2,ID,18.27
2006,3,ID,15.34
2006,4,ID,29.39
2006,5,ID,27.47
2006,6,ID,24.97
2006,7,ID,36.17
2006,8,ID,35.08
2006,9,ID,16.12
2006,10,ID,17.03
2006,11,ID,20.05
2006,12,ID,22.21
2007,1,ID,18.0
2007,2,ID,21.0
2007,3,ID,16.0
2007,4,ID,23.0
2007,5,ID,33.0
2007,6,ID,18.0
2007,7,ID,14.0
2007,8,ID,16.0
2007,9,ID,16.0
2007,10,ID,17.0
2007,11,ID,24.0
2007,12,ID,24.0
2001,1,IL,37968.0
2001,2,IL,169290.0
2001,3,IL,363428.0
2001,4,IL,570612.0
2001,5,IL,59424.0
2001,6,IL,498608.0
2001,7,IL,551090.0
2001,8,IL,441958.0
2001,9,IL,243769.0
2001,10,IL,18301.0
2001,11,IL,30751.0
2001,12,IL,38350.0
2002,1,IL,98218.0
2002,2,IL,15256.0
2002,3,IL,20647.0
2002,4,IL,30890.0
2002,5,IL,21001.0
2002,6,IL,22138.0
2002,7,IL,75343.0
2002,8,IL,39110.0
2002,9,IL,57685.0
2002,10,IL,32418.0
2002,11,IL,17881.0
2002,12,IL,22802.0
2003,1,IL,436508.0
2003,2,IL,490262.0
2003,3,IL,347399.0
2003,4,IL,144585.0
2003,5,IL,26360.0
2003,6,IL,105883.0
2003,7,IL,151512.0
2003,8,IL,356489.0
2003,9,IL,17764.0
2003,10,IL,18919.0
2003,11,IL,21187.0
2003,12,IL,114494.0
2004,1,IL,353824.91
2004,2,IL,307205.84
2004,3,IL,229264.68
2004,4,IL,147391.09
2004,5,IL,20893.26
2004,6,IL,128161.95
2004,7,IL,44143.05
2004,8,IL,66668.34
2004,9,IL,35916.93
2004,10,IL,52720.98
2004,11,IL,75770.92
2004,12,IL,84651.72
2005,1,IL,99263.3
2005,2,IL,69393.89
2005,3,IL,71092.94
2005,4,IL,68394.86
2005,5,IL,44430.91
2005,6,IL,56113.15
2005,7,IL,65156.79
2005,8,IL,71070.13
2005,9,IL,31841.42
2005,10,IL,32160.27
2005,11,IL,33329.48
2005,12,IL,47956.39
2006,1,IL,31305.43
2006,2,IL,55694.98
2006,3,IL,13738.02
2006,4,IL,14661.12
2006,5,IL,14249.91
2006,6,IL,17950.68
2006,7,IL,41533.43
2006,8,IL,33014.39
2006,9,IL,16958.02
2006,10,IL,15301.6
2006,11,IL,12915.03
2006,12,IL,20391.16
2007,1,IL,14795.0
2007,2,IL,29569.0
2007,3,IL,19340.0
2007,4,IL,20407.0
2007,5,IL,17632.0
2007,6,IL,17304.0
2007,7,IL,19025.0
2007,8,IL,24158.0
2007,9,IL,26347.0
2007,10,IL,29906.0
2007,11,IL,28647.0
2007,12,IL,26132.0
2001,1,IN,89786.0
2001,2,IN,69579.0
2001,3,IN,43297.0
2001,4,IN,59563.0
2001,5,IN,47016.0
2001,6,IN,67537.0
2001,7,IN,97341.0
2001,8,IN,177938.0
2001,9,IN,83398.0
2001,10,IN,57347.0
2001,11,IN,66576.0
2001,12,IN,66789.0
2002,1,IN,100172.0
2002,2,IN,49336.0
2002,3,IN,115508.0
2002,4,IN,121480.0
2002,5,IN,134128.0
2002,6,IN,125799.0
2002,7,IN,94784.0
2002,8,IN,88795.0
2002,9,IN,33902.0
2002,10,IN,119913.0
2002,11,IN,92242.0
2002,12,IN,35777.0
2003,1,IN,108878.0
2003,2,IN,68165.0
2003,3,IN,57385.0
2003,4,IN,65772.0
2003,5,IN,85963.0
2003,6,IN,51979.0
2003,7,IN,43661.0
2003,8,IN,109488.0
2003,9,IN,86933.0
2003,10,IN,103965.0
2003,11,IN,63482.0
2003,12,IN,29228.0
2004,1,IN,106183.95
2004,2,IN,89744.99
2004,3,IN,88736.47
2004,4,IN,88861.44
2004,5,IN,110378.58
2004,6,IN,84872.64
2004,7,IN,36932.43
2004,8,IN,59728.18
2004,9,IN,46483.38
2004,10,IN,25506.83
2004,11,IN,54103.94
2004,12,IN,23170.53
2005,1,IN,52523.25
2005,2,IN,28958.6
2005,3,IN,30815.31
2005,4,IN,116170.16
2005,5,IN,108055.09
2005,6,IN,19896.28
2005,7,IN,26979.31
2005,8,IN,27545.24
2005,9,IN,17992.74
2005,10,IN,19645.62
2005,11,IN,26643.69
2005,12,IN,31623.05
2006,1,IN,15729.08
2006,2,IN,27354.88
2006,3,IN,20600.78
2006,4,IN,14655.88
2006,5,IN,21600.32
2006,6,IN,23941.34
2006,7,IN,30124.46
2006,8,IN,22525.55
2006,9,IN,44600.61
2006,10,IN,25298.44
2006,11,IN,17575.1
2006,12,IN,19550.59
2007,1,IN,21103.0
2007,2,IN,20199.0
2007,3,IN,18972.0
2007,4,IN,19010.0
2007,5,IN,36562.0
2007,6,IN,21900.0
2007,7,IN,20697.0
2007,8,IN,32731.0
2007,9,IN,19016.0
2007,10,IN,28831.0
2007,11,IN,23708.0
2007,12,IN,31170.0
2001,1,KS,190099.0
2001,2,KS,144476.0
2001,3,KS,148401.0
2001,4,KS,144257.0
2001,5,KS,100768.0
2001,6,KS,115453.0
2001,7,KS,65684.0
2001,8,KS,124698.0
2001,9,KS,8241.0
2001,10,KS,32655.0
2001,11,KS,58281.0
2001,12,KS,38261.0
2002,1,KS,100457.0
2002,2,KS,120795.0
2002,3,KS,221782.0
2002,4,KS,65925.0
2002,5,KS,32907.0
2002,6,KS,5622.0
2002,7,KS,28451.0
2002,8,KS,106315.0
2002,9,KS,60851.0
2002,10,KS,54197.0
2002,11,KS,36400.0
2002,12,KS,89686.0
2003,1,KS,189496.0
2003,2,KS,146096.0
2003,3,KS,80515.0
2003,4,KS,99614.0
2003,5,KS,69505.0
2003,6,KS,136327.0
2003,7,KS,408143.0
2003,8,KS,312939.0
2003,9,KS,22371.0
2003,10,KS,25701.0
2003,11,KS,69847.0
2003,12,KS,115012.0
2004,1,KS,201918.93
2004,2,KS,262173.97
2004,3,KS,175155.46
2004,4,KS,40996.01
2004,5,KS,140343.39
2004,6,KS,128564.69
2004,7,KS,277453.45
2004,8,KS,177759.81
2004,9,KS,41967.85
2004,10,KS,31061.82
2004,11,KS,46252.18
2004,12,KS,91244.71
2005,1,KS,183745.06
2005,2,KS,70418.54
2005,3,KS,89617.39
2005,4,KS,97608.59
2005,5,KS,183640.01
2005,6,KS,133293.44
2005,7,KS,184880.26
2005,8,KS,260081.67
2005,9,KS,235816.06
2005,10,KS,105397.62
2005,11,KS,34281.38
2005,12,KS,278652.34
2006,1,KS,2884.42
2006,2,KS,5668.1
2006,3,KS,13264.6
2006,4,KS,7295.31
2006,5,KS,21554.78
2006,6,KS,10274.36
2006,7,KS,12546.91
2006,8,KS,10239.89
2006,9,KS,11010.07
2006,10,KS,7695.48
2006,11,KS,12830.74
2006,12,KS,7064.63
2007,1,KS,40249.0
2007,2,KS,37724.0
2007,3,KS,36839.0
2007,4,KS,39183.0
2007,5,KS,38316.0
2007,6,KS,38154.0
2007,7,KS,42437.0
2007,8,KS,47850.0
2007,9,KS,29684.0
2007,10,KS,35427.0
2007,11,KS,41131.0
2007,12,KS,43117.0
2001,1,KY,19170.0
2001,2,KY,13819.0
2001,3,KY,15373.0
2001,4,KY,30076.0
2001,5,KY,16491.0
2001,6,KY,19534.0
2001,7,KY,18214.0
2001,8,KY,17241.0
2001,9,KY,15278.0
2001,10,KY,11798.0
2001,11,KY,22504.0
2001,12,KY,25911.0
2002,1,KY,468537.0
2002,2,KY,716451.0
2002,3,KY,760521.0
2002,4,KY,783630.0
2002,5,KY,566284.0
2002,6,KY,708263.0
2002,7,KY,555307.0
2002,8,KY,742682.0
2002,9,KY,653086.0
2002,10,KY,461707.0
2002,11,KY,366802.0
2002,12,KY,465764.0
2003,1,KY,48835.0
2003,2,KY,53068.0
2003,3,KY,47414.0
2003,4,KY,675026.0
2003,5,KY,468233.0
2003,6,KY,602131.0
2003,7,KY,687778.0
2003,8,KY,682775.0
2003,9,KY,659630.0
2003,10,KY,475811.0
2003,11,KY,900649.0
2003,12,KY,760758.0
2004,1,KY,826856.01
2004,2,KY,668752.22
2004,3,KY,690883.82
2004,4,KY,912033.0
2004,5,KY,629269.02
2004,6,KY,407722.33
2004,7,KY,442637.64
2004,8,KY,516285.11
2004,9,KY,461992.74
2004,10,KY,748958.3
2004,11,KY,392203.26
2004,12,KY,653015.51
2005,1,KY,745257.49
2005,2,KY,612111.81
2005,3,KY,634077.71
2005,4,KY,532074.96
2005,5,KY,619259.05
2005,6,KY,604962.25
2005,7,KY,630047.29
2005,8,KY,580582.34
2005,9,KY,604596.26
2005,10,KY,733077.05
2005,11,KY,522421.77
2005,12,KY,557429.03
2006,1,KY,571791.86
2006,2,KY,526121.86
2006,3,KY,483326.16
2006,4,KY,530404.53
2006,5,KY,516567.38
2006,6,KY,550608.71
2006,7,KY,545259.99
2006,8,KY,558033.71
2006,9,KY,501266.81
2006,10,KY,659412.28
2006,11,KY,670319.13
2006,12,KY,641979.59
2007,1,KY,576763.0
2007,2,KY,385125.0
2007,3,KY,413096.0
2007,4,KY,374379.0
2007,5,KY,380689.0
2007,6,KY,536468.0
2007,7,KY,504419.0
2007,8,KY,443363.0
2007,9,KY,407358.0
2007,10,KY,467536.0
2007,11,KY,479844.0
2007,12,KY,596539.0
2001,1,LA,1344421.0
2001,2,LA,736453.0
2001,3,LA,654901.0
2001,4,LA,651172.0
2001,5,LA,338341.0
2001,6,LA,516049.0
2001,7,LA,319566.0
2001,8,LA,357227.0
2001,9,LA,224232.0
2001,10,LA,333628.0
2001,11,LA,469662.0
2001,12,LA,375169.0
2002,1,LA,277928.0
2002,2,LA,227262.0
2002,3,LA,321483.0
2002,4,LA,263256.0
2002,5,LA,298331.0
2002,6,LA,268234.0
2002,7,LA,312630.0
2002,8,LA,292515.0
2002,9,LA,202612.0
2002,10,LA,298683.0
2002,11,LA,323557.0
2002,12,LA,245095.0
2003,1,LA,338675.0
2003,2,LA,334528.0
2003,3,LA,633001.0
2003,4,LA,420061.0
2003,5,LA,528232.0
2003,6,LA,602308.0
2003,7,LA,512101.0
2003,8,LA,341511.0
2003,9,LA,309440.0
2003,10,LA,478662.0
2003,11,LA,376674.0
2003,12,LA,438085.0
2004,1,LA,458347.2
2004,2,LA,333492.74
2004,3,LA,465834.74
2004,4,LA,478612.9
2004,5,LA,799120.63
2004,6,LA,618506.09
2004,7,LA,828254.97
2004,8,LA,628630.86
2004,9,LA,651922.73
2004,10,LA,466803.16
2004,11,LA,427859.28
2004,12,LA,762716.77
2005,1,LA,414074.94
2005,2,LA,441207.64
2005,3,LA,562268.79
2005,4,LA,457747.15
2005,5,LA,454871.63
2005,6,LA,726049.1
2005,7,LA,526255.73
2005,8,LA,634836.53
2005,9,LA,463204.69
2005,10,LA,593311.59
2005,11,LA,596873.86
2005,12,LA,922189.25
2006,1,LA,309900.04
2006,2,LA,327326.76
2006,3,LA,273526.29
2006,4,LA,277257.67
2006,5,LA,329112.6
2006,6,LA,373971.38
2006,7,LA,341192.24
2006,8,LA,408481.93
2006,9,LA,325525.43
2006,10,LA,340258.62
2006,11,LA,285497.08
2006,12,LA,390145.24
2007,1,LA,342751.0
2007,2,LA,414476.0
2007,3,LA,344999.0
2007,4,LA,316623.0
2007,5,LA,319832.0
2007,6,LA,385312.0
2007,7,LA,408849.0
2007,8,LA,565413.0
2007,9,LA,393868.0
2007,10,LA,413787.0
2007,11,LA,361896.0
2007,12,LA,368446.0
2001,1,MA,2151631.0
2001,2,MA,1561905.0
2001,3,MA,1547366.0
2001,4,MA,625797.0
2001,5,MA,1035156.0
2001,6,MA,1137784.0
2001,7,MA,1018036.0
2001,8,MA,1404887.0
2001,9,MA,783446.0
2001,10,MA,583671.0
2001,11,MA,1100518.0
2001,12,MA,1078453.0
2002,1,MA,828308.0
2002,2,MA,1054352.0
2002,3,MA,1062420.0
2002,4,MA,643907.0
2002,5,MA,780375.0
2002,6,MA,653732.0
2002,7,MA,972938.0
2002,8,MA,953242.0
2002,9,MA,937921.0
2002,10,MA,1104076.0
2002,11,MA,828167.0
2002,12,MA,1345067.0
2003,1,MA,1748152.0
2003,2,MA,1639907.0
2003,3,MA,1253350.0
2003,4,MA,1043892.0
2003,5,MA,478793.0
2003,6,MA,969431.0
2003,7,MA,930151.0
2003,8,MA,958318.0
2003,9,MA,489069.0
2003,10,MA,770307.0
2003,11,MA,952218.0
2003,12,MA,1420258.0
2004,1,MA,2359000.71
2004,2,MA,1387456.96
2004,3,MA,1389652.65
2004,4,MA,553199.09
2004,5,MA,693024.04
2004,6,MA,684883.88
2004,7,MA,994068.29
2004,8,MA,812263.92
2004,9,MA,578698.71
2004,10,MA,427215.71
2004,11,MA,801596.96
2004,12,MA,1176322.27
2005,1,MA,1570406.3
2005,2,MA,774113.48
2005,3,MA,942602.45
2005,4,MA,466526.62
2005,5,MA,290835.93
2005,6,MA,598648.8
2005,7,MA,824935.14
2005,8,MA,1015939.03
2005,9,MA,986135.97
2005,10,MA,1232462.66
2005,11,MA,674489.22
2005,12,MA,1711215.97
2006,1,MA,527441.68
2006,2,MA,318464.49
2006,3,MA,220980.83
2006,4,MA,271411.49
2006,5,MA,256668.59
2006,6,MA,368439.78
2006,7,MA,497529.63
2006,8,MA,388031.18
2006,9,MA,315820.55
2006,10,MA,336854.89
2006,11,MA,339702.63
2006,12,MA,373750.48
2007,1,MA,762550.0
2007,2,MA,944520.0
2007,3,MA,517279.0
2007,4,MA,303617.0
2007,5,MA,275662.0
2007,6,MA,399156.0
2007,7,MA,340172.0
2007,8,MA,398842.0
2007,9,MA,304025.0
2007,10,MA,247384.0
2007,11,MA,259808.0
2007,12,MA,455441.0
2001,1,MD,681862.0
2001,2,MD,459390.0
2001,3,MD,751769.0
2001,4,MD,510420.0
2001,5,MD,418461.0
2001,6,MD,529598.0
2001,7,MD,439250.0
2001,8,MD,908660.0
2001,9,MD,204060.0
2001,10,MD,271040.0
2001,11,MD,171630.0
2001,12,MD,168820.0
2002,1,MD,173503.0
2002,2,MD,171429.0
2002,3,MD,367300.0
2002,4,MD,268463.0
2002,5,MD,198525.0
2002,6,MD,471815.0
2002,7,MD,728905.0
2002,8,MD,469865.0
2002,9,MD,138290.0
2002,10,MD,331385.0
2002,11,MD,215033.0
2002,12,MD,573591.0
2003,1,MD,1181757.0
2003,2,MD,869890.0
2003,3,MD,661258.0
2003,4,MD,593589.0
2003,5,MD,119905.0
2003,6,MD,383776.0
2003,7,MD,618406.0
2003,8,MD,887108.0
2003,9,MD,243549.0
2003,10,MD,78425.0
2003,11,MD,183678.0
2003,12,MD,342911.0
2004,1,MD,1067207.28
2004,2,MD,370131.0
2004,3,MD,413194.5
2004,4,MD,550305.79
2004,5,MD,894682.69
2004,6,MD,531344.08
2004,7,MD,401070.13
2004,8,MD,819965.79
2004,9,MD,188454.97
2004,10,MD,32074.89
2004,11,MD,42458.71
2004,12,MD,361929.42
2005,1,MD,788345.93
2005,2,MD,179634.94
2005,3,MD,218755.78
2005,4,MD,37330.63
2005,5,MD,76492.55
2005,6,MD,867281.78
2005,7,MD,1029719.82
2005,8,MD,869740.68
2005,9,MD,689170.5
2005,10,MD,555941.48
2005,11,MD,256341.2
2005,12,MD,1006181.45
2006,1,MD,127401.93
2006,2,MD,92896.85
2006,3,MD,21691.3
2006,4,MD,28014.79
2006,5,MD,47681.28
2006,6,MD,98111.52
2006,7,MD,231420.04
2006,8,MD,264152.13
2006,9,MD,17703.9
2006,10,MD,16501.14
2006,11,MD,40051.12
2006,12,MD,64596.03
2007,1,MD,107089.0
2007,2,MD,603551.0
2007,3,MD,158083.0
2007,4,MD,70268.0
2007,5,MD,51131.0
2007,6,MD,161224.0
2007,7,MD,81690.0
2007,8,MD,251982.0
2007,9,MD,108457.0
2007,10,MD,60824.0
2007,11,MD,34165.0
2007,12,MD,102282.0
2001,1,ME,733860.0
2001,2,ME,499610.0
2001,3,ME,239880.0
2001,4,ME,203900.0
2001,5,ME,237550.0
2001,6,ME,208680.0
2001,7,ME,200020.0
2001,8,ME,507150.0
2001,9,ME,234710.0
2001,10,ME,236020.0
2001,11,ME,202400.0
2001,12,ME,147190.0
2002,1,ME,85157.0
2002,2,ME,117043.0
2002,3,ME,160885.0
2002,4,ME,133359.0
2002,5,ME,140393.0
2002,6,ME,103295.0
2002,7,ME,243780.0
2002,8,ME,244713.0
2002,9,ME,155296.0
2002,10,ME,141810.0
2002,11,ME,155843.0
2002,12,ME,306886.0
2003,1,ME,576138.0
2003,2,ME,533151.0
2003,3,ME,306305.0
2003,4,ME,263599.0
2003,5,ME,140958.0
2003,6,ME,194587.0
2003,7,ME,204665.0
2003,8,ME,129924.0
2003,9,ME,100855.0
2003,10,ME,201921.0
2003,11,ME,96301.0
2003,12,ME,417031.0
2004,1,ME,727496.96
2004,2,ME,264229.75
2004,3,ME,89893.37
2004,4,ME,57926.68
2004,5,ME,131215.02
2004,6,ME,65879.63
2004,7,ME,60084.67
2004,8,ME,127878.7
2004,9,ME,48693.48
2004,10,ME,39471.37
2004,11,ME,65163.87
2004,12,ME,204424.32
2005,1,ME,393101.2
2005,2,ME,108479.25
2005,3,ME,101039.78
2005,4,ME,91818.56
2005,5,ME,52902.22
2005,6,ME,74276.43
2005,7,ME,151683.19
2005,8,ME,193474.1
2005,9,ME,197509.48
2005,10,ME,155349.62
2005,11,ME,145559.19
2005,12,ME,536855.4
2006,1,ME,49097.55
2006,2,ME,83132.69
2006,3,ME,48806.66
2006,4,ME,35997.62
2006,5,ME,55006.41
2006,6,ME,44467.55
2006,7,ME,48525.54
2006,8,ME,91757.65
2006,9,ME,42825.02
2006,10,ME,38616.77
2006,11,ME,42788.76
2006,12,ME,53771.32
2007,1,ME,163076.0
2007,2,ME,314175.0
2007,3,ME,127023.0
2007,4,ME,47702.0
2007,5,ME,91760.0
2007,6,ME,27324.0
2007,7,ME,19444.0
2007,8,ME,41024.0
2007,9,ME,35896.0
2007,10,ME,30041.0
2007,11,ME,32918.0
2007,12,ME,171596.0
2001,1,MI,135194.0
2001,2,MI,27129.0
2001,3,MI,93121.0
2001,4,MI,48275.0
2001,5,MI,91796.0
2001,6,MI,268588.0
2001,7,MI,289275.0
2001,8,MI,255035.0
2001,9,MI,87747.0
2001,10,MI,84629.0
2001,11,MI,62375.0
2001,12,MI,77846.0
2002,1,MI,117413.0
2002,2,MI,161928.0
2002,3,MI,144093.0
2002,4,MI,188800.0
2002,5,MI,122476.0
2002,6,MI,244143.0
2002,7,MI,410130.0
2002,8,MI,255166.0
2002,9,MI,151518.0
2002,10,MI,121022.0
2002,11,MI,56774.0
2002,12,MI,181882.0
2003,1,MI,237134.0
2003,2,MI,256584.0
2003,3,MI,151786.0
2003,4,MI,102614.0
2003,5,MI,99799.0
2003,6,MI,170331.0
2003,7,MI,177865.0
2003,8,MI,434935.0
2003,9,MI,86465.0
2003,10,MI,101148.0
2003,11,MI,83150.0
2003,12,MI,137141.0
2004,1,MI,256884.67
2004,2,MI,226816.4
2004,3,MI,69985.98
2004,4,MI,96810.06
2004,5,MI,124106.31
2004,6,MI,211709.27
2004,7,MI,260555.87
2004,8,MI,121458.93
2004,9,MI,61012.24
2004,10,MI,27220.5
2004,11,MI,45228.23
2004,12,MI,199534.83
2005,1,MI,228763.53
2005,2,MI,51691.25
2005,3,MI,46046.29
2005,4,MI,64191.16
2005,5,MI,74561.64
2005,6,MI,299399.98
2005,7,MI,201899.6
2005,8,MI,253365.65
2005,9,MI,128031.67
2005,10,MI,111265.21
2005,11,MI,55352.63
2005,12,MI,167444.89
2006,1,MI,78798.15
2006,2,MI,45112.19
2006,3,MI,53923.16
2006,4,MI,53771.02
2006,5,MI,94881.06
2006,6,MI,58622.18
2006,7,MI,139811.71
2006,8,MI,107235.25
2006,9,MI,41458.58
2006,10,MI,45408.47
2006,11,MI,54506.19
2006,12,MI,58622.86
2007,1,MI,57546.0
2007,2,MI,180490.0
2007,3,MI,86836.0
2007,4,MI,62491.0
2007,5,MI,109483.0
2007,6,MI,95521.0
2007,7,MI,108898.0
2007,8,MI,202843.0
2007,9,MI,105870.0
2007,10,MI,129319.0
2007,11,MI,54615.0
2007,12,MI,66795.0
2001,1,MN,141354.0
2001,2,MN,138578.0
2001,3,MN,149990.0
2001,4,MN,62815.0
2001,5,MN,65193.0
2001,6,MN,119272.0
2001,7,MN,91265.0
2001,8,MN,97391.0
2001,9,MN,94896.0
2001,10,MN,91876.0
2001,11,MN,108704.0
2001,12,MN,100136.0
2002,1,MN,90304.0
2002,2,MN,85695.0
2002,3,MN,104902.0
2002,4,MN,60366.0
2002,5,MN,79300.0
2002,6,MN,87300.0
2002,7,MN,122408.0
2002,8,MN,110890.0
2002,9,MN,107634.0
2002,10,MN,108939.0
2002,11,MN,101108.0
2002,12,MN,118524.0
2003,1,MN,123311.0
2003,2,MN,143027.0
2003,3,MN,136278.0
2003,4,MN,64328.0
2003,5,MN,150329.0
2003,6,MN,109904.0
2003,7,MN,120651.0
2003,8,MN,144429.0
2003,9,MN,126411.0
2003,10,MN,150255.0
2003,11,MN,137911.0
2003,12,MN,163910.0
2004,1,MN,156155.03
2004,2,MN,96978.6
2004,3,MN,134797.82
2004,4,MN,45507.38
2004,5,MN,67607.12
2004,6,MN,165900.89
2004,7,MN,137191.27
2004,8,MN,149871.23
2004,9,MN,101660.54
2004,10,MN,131427.27
2004,11,MN,132565.81
2004,12,MN,97611.85
2005,1,MN,160795.48
2005,2,MN,101113.5
2005,3,MN,127798.5
2005,4,MN,79112.22
2005,5,MN,93227.65
2005,6,MN,150326.87
2005,7,MN,128347.36
2005,8,MN,150326.64
2005,9,MN,66605.57
2005,10,MN,46100.79
2005,11,MN,136968.68
2005,12,MN,196678.24
2006,1,MN,109040.13
2006,2,MN,120079.7
2006,3,MN,52186.56
2006,4,MN,87970.64
2006,5,MN,103847.3
2006,6,MN,101647.51
2006,7,MN,132992.07
2006,8,MN,71270.45
2006,9,MN,29074.79
2006,10,MN,31475.5
2006,11,MN,43861.84
2006,12,MN,53232.96
2007,1,MN,120093.0
2007,2,MN,200403.0
2007,3,MN,55402.0
2007,4,MN,59348.0
2007,5,MN,59525.0
2007,6,MN,58879.0
2007,7,MN,45119.0
2007,8,MN,34738.0
2007,9,MN,29286.0
2007,10,MN,32547.0
2007,11,MN,59163.0
2007,12,MN,56587.0
2001,1,MO,131664.0
2001,2,MO,94325.0
2001,3,MO,72550.0
2001,4,MO,16280.0
2001,5,MO,106376.0
2001,6,MO,145137.0
2001,7,MO,166674.0
2001,8,MO,148107.0
2001,9,MO,119186.0
2001,10,MO,104202.0
2001,11,MO,55712.0
2001,12,MO,73065.0
2002,1,MO,91307.0
2002,2,MO,113778.0
2002,3,MO,120881.0
2002,4,MO,85125.0
2002,5,MO,90667.0
2002,6,MO,15222.0
2002,7,MO,133782.0
2002,8,MO,144126.0
2002,9,MO,86201.0
2002,10,MO,82421.0
2002,11,MO,15415.0
2002,12,MO,9663.0
2003,1,MO,32848.0
2003,2,MO,54751.0
2003,3,MO,23773.0
2003,4,MO,17123.0
2003,5,MO,17068.0
2003,6,MO,30040.0
2003,7,MO,63346.0
2003,8,MO,33300.0
2003,9,MO,12897.0
2003,10,MO,14009.0
2003,11,MO,16044.0
2003,12,MO,15591.0
2004,1,MO,44017.67
2004,2,MO,8428.66
2004,3,MO,12893.31
2004,4,MO,12474.52
2004,5,MO,10214.73
2004,6,MO,6124.08
2004,7,MO,14701.23
2004,8,MO,45376.7
2004,9,MO,34719.54
2004,10,MO,110926.91
2004,11,MO,43723.73
2004,12,MO,32175.29
2005,1,MO,22431.81
2005,2,MO,10559.25
2005,3,MO,12050.15
2005,4,MO,55873.22
2005,5,MO,9788.63
2005,6,MO,78986.38
2005,7,MO,30028.51
2005,8,MO,56631.75
2005,9,MO,10244.68
2005,10,MO,12227.5
2005,11,MO,9287.07
2005,12,MO,47723.96
2006,1,MO,8220.68
2006,2,MO,9734.58
2006,3,MO,13705.18
2006,4,MO,13054.57
2006,5,MO,11361.45
2006,6,MO,10199.61
2006,7,MO,14197.39
2006,8,MO,12877.87
2006,9,MO,7685.11
2006,10,MO,8505.99
2006,11,MO,12624.03
2006,12,MO,16919.02
2007,1,MO,12579.0
2007,2,MO,22800.0
2007,3,MO,9531.0
2007,4,MO,9561.0
2007,5,MO,19440.0
2007,6,MO,6009.0
2007,7,MO,6937.0
2007,8,MO,4294.0
2007,9,MO,9031.0
2007,10,MO,10976.0
2007,11,MO,11172.0
2007,12,MO,17385.0
2001,1,MS,1243507.0
2001,2,MS,1075747.0
2001,3,MS,729810.0
2001,4,MS,756958.0
2001,5,MS,1209560.0
2001,6,MS,970016.0
2001,7,MS,1085881.0
2001,8,MS,961855.0
2001,9,MS,404167.0
2001,10,MS,5740.0
2001,11,MS,3712.0
2001,12,MS,5351.0
2002,1,MS,2276.0
2002,2,MS,2646.0
2002,3,MS,3011.0
2002,4,MS,16940.0
2002,5,MS,6015.0
2002,6,MS,2627.0
2002,7,MS,1873.0
2002,8,MS,1655.0
2002,9,MS,7232.0
2002,10,MS,13625.0
2002,11,MS,7412.0
2002,12,MS,2712.0
2003,1,MS,13034.0
2003,2,MS,74344.0
2003,3,MS,264774.0
2003,4,MS,11875.0
2003,5,MS,26713.0
2003,6,MS,316207.0
2003,7,MS,420373.0
2003,8,MS,468820.0
2003,9,MS,210271.0
2003,10,MS,300459.0
2003,11,MS,252943.0
2003,12,MS,300868.0
2004,1,MS,198162.59
2004,2,MS,543481.06
2004,3,MS,542898.23
2004,4,MS,281113.38
2004,5,MS,214473.99
2004,6,MS,679973.11
2004,7,MS,553543.51
2004,8,MS,302666.64
2004,9,MS,497457.39
2004,10,MS,359293.39
2004,11,MS,46543.3
2004,12,MS,287736.25
2005,1,MS,22174.06
2005,2,MS,2103.97
2005,3,MS,135337.93
2005,4,MS,6051.31
2005,5,MS,35681.45
2005,6,MS,377740.58
2005,7,MS,319010.58
2005,8,MS,689947.46
2005,9,MS,341244.84
2005,10,MS,195171.13
2005,11,MS,3501.34
2005,12,MS,363639.57
2006,1,MS,90351.0
2006,2,MS,170062.53
2006,3,MS,1317.48
2006,4,MS,4790.74
2006,5,MS,4762.38
2006,6,MS,3136.5
2006,7,MS,55427.29
2006,8,MS,79903.84
2006,9,MS,30006.35
2006,10,MS,85127.3
2006,11,MS,1479.63
2006,12,MS,154956.35
2007,1,MS,232189.0
2007,2,MS,143490.0
2007,3,MS,74056.0
2007,4,MS,138581.0
2007,5,MS,24879.0
2007,6,MS,87467.0
2007,7,MS,7861.0
2007,8,MS,5148.0
2007,9,MS,1576.0
2007,10,MS,1471.0
2007,11,MS,2412.0
2007,12,MS,1625.0
2001,1,MT,88535.0
2001,2,MT,75386.0
2001,3,MT,84365.0
2001,4,MT,82918.0
2001,5,MT,80076.0
2001,6,MT,74416.0
2001,7,MT,71909.0
2001,8,MT,53403.0
2001,9,MT,114593.0
2001,10,MT,109545.0
2001,11,MT,135695.0
2001,12,MT,110024.0
2002,1,MT,124083.0
2002,2,MT,86598.0
2002,3,MT,126061.0
2002,4,MT,160900.0
2002,5,MT,98594.0
2002,6,MT,87561.0
2002,7,MT,99780.0
2002,8,MT,40893.0
2002,9,MT,2624.0
2002,10,MT,58796.0
2002,11,MT,72118.0
2002,12,MT,99980.0
2003,1,MT,97358.0
2003,2,MT,88916.0
2003,3,MT,96102.0
2003,4,MT,94023.0
2003,5,MT,106330.0
2003,6,MT,90268.0
2003,7,MT,85773.0
2003,8,MT,91374.0
2003,9,MT,118154.0
2003,10,MT,80880.0
2003,11,MT,7604.0
2003,12,MT,24350.0
2004,1,MT,64670.98
2004,2,MT,61080.72
2004,3,MT,63870.22
2004,4,MT,64382.78
2004,5,MT,68389.74
2004,6,MT,55315.04
2004,7,MT,62850.29
2004,8,MT,64456.27
2004,9,MT,65543.46
2004,10,MT,66057.8
2004,11,MT,47433.64
2004,12,MT,68061.27
2005,1,MT,66675.86
2005,2,MT,60987.83
2005,3,MT,68784.9
2005,4,MT,59770.42
2005,5,MT,58729.45
2005,6,MT,58102.34
2005,7,MT,46118.27
2005,8,MT,35130.32
2005,9,MT,59265.67
2005,10,MT,66479.6
2005,11,MT,64066.39
2005,12,MT,63931.53
2006,1,MT,68655.71
2006,2,MT,59833.8
2006,3,MT,64720.83
2006,4,MT,63992.9
2006,5,MT,58387.37
2006,6,MT,62664.97
2006,7,MT,51178.23
2006,8,MT,34442.35
2006,9,MT,61788.03
2006,10,MT,68533.0
2006,11,MT,62048.34
2006,12,MT,70765.16
2007,1,MT,80079.0
2007,2,MT,73542.0
2007,3,MT,78240.0
2007,4,MT,69843.0
2007,5,MT,74275.0
2007,6,MT,65608.0
2007,7,MT,44328.0
2007,8,MT,45434.0
2007,9,MT,69060.0
2007,10,MT,72574.0
2007,11,MT,71095.0
2007,12,MT,79999.0
2001,1,NC,237965.0
2001,2,NC,87030.0
2001,3,NC,168663.0
2001,4,NC,224207.0
2001,5,NC,106168.0
2001,6,NC,137465.0
2001,7,NC,86932.0
2001,8,NC,118459.0
2001,9,NC,75036.0
2001,10,NC,70048.0
2001,11,NC,65370.0
2001,12,NC,70943.0
2002,1,NC,187012.0
2002,2,NC,114703.0
2002,3,NC,159350.0
2002,4,NC,108829.0
2002,5,NC,110890.0
2002,6,NC,112631.0
2002,7,NC,84876.0
2002,8,NC,85464.0
2002,9,NC,61515.0
2002,10,NC,82956.0
2002,11,NC,60525.0
2002,12,NC,92765.0
2003,1,NC,395518.0
2003,2,NC,290776.0
2003,3,NC,118868.0
2003,4,NC,93080.0
2003,5,NC,131103.0
2003,6,NC,201404.0
2003,7,NC,100819.0
2003,8,NC,50185.0
2003,9,NC,43003.0
2003,10,NC,70030.0
2003,11,NC,65072.0
2003,12,NC,75246.0
2004,1,NC,179413.98
2004,2,NC,70868.5
2004,3,NC,53094.07
2004,4,NC,52184.62
2004,5,NC,159097.85
2004,6,NC,73250.28
2004,7,NC,42427.66
2004,8,NC,50110.06
2004,9,NC,60849.4
2004,10,NC,39908.4
2004,11,NC,54255.76
2004,12,NC,104109.58
2005,1,NC,128557.22
2005,2,NC,46724.11
2005,3,NC,63769.99
2005,4,NC,52089.95
2005,5,NC,58636.92
2005,6,NC,38857.46
2005,7,NC,62555.9
2005,8,NC,70018.8
2005,9,NC,80217.4
2005,10,NC,48926.05
2005,11,NC,46141.34
2005,12,NC,95663.91
2006,1,NC,77345.56
2006,2,NC,55499.9
2006,3,NC,48896.65
2006,4,NC,40752.2
2006,5,NC,49643.6
2006,6,NC,37555.55
2006,7,NC,50142.83
2006,8,NC,71568.61
2006,9,NC,42645.18
2006,10,NC,45751.2
2006,11,NC,57519.31
2006,12,NC,92959.43
2007,1,NC,93466.0
2007,2,NC,115361.0
2007,3,NC,50627.0
2007,4,NC,58796.0
2007,5,NC,45175.0
2007,6,NC,41105.0
2007,7,NC,42603.0
2007,8,NC,105819.0
2007,9,NC,46304.0
2007,10,NC,47676.0
2007,11,NC,34802.0
2007,12,NC,60111.0
2001,1,ND,8076.0
2001,2,ND,9372.0
2001,3,ND,8382.0
2001,4,ND,7667.0
2001,5,ND,6722.0
2001,6,ND,7960.0
2001,7,ND,8632.0
2001,8,ND,6299.0
2001,9,ND,3634.0
2001,10,ND,5455.0
2001,11,ND,9766.0
2001,12,ND,5862.0
2002,1,ND,3783.0
2002,2,ND,4801.0
2002,3,ND,7226.0
2002,4,ND,3916.0
2002,5,ND,6465.0
2002,6,ND,8327.0
2002,7,ND,6228.0
2002,8,ND,5259.0
2002,9,ND,7496.0
2002,10,ND,7937.0
2002,11,ND,3421.0
2002,12,ND,9274.0
2003,1,ND,5833.0
2003,2,ND,9062.0
2003,3,ND,7651.0
2003,4,ND,8565.0
2003,5,ND,5525.0
2003,6,ND,7290.0
2003,7,ND,11411.0
2003,8,ND,6036.0
2003,9,ND,5294.0
2003,10,ND,9855.0
2003,11,ND,13960.0
2003,12,ND,9234.0
2004,1,ND,8582.54
2004,2,ND,5039.04
2004,3,ND,6314.54
2004,4,ND,7969.11
2004,5,ND,7055.09
2004,6,ND,3481.59
2004,7,ND,4883.99
2004,8,ND,5746.51
2004,9,ND,3474.94
2004,10,ND,7098.24
2004,11,ND,8384.73
2004,12,ND,6904.75
2005,1,ND,8767.78
2005,2,ND,2768.84
2005,3,ND,4518.23
2005,4,ND,6956.2
2005,5,ND,4471.36
2005,6,ND,9149.62
2005,7,ND,7611.99
2005,8,ND,5298.72
2005,9,ND,6782.88
2005,10,ND,4572.37
2005,11,ND,4433.91
2005,12,ND,6212.86
2006,1,ND,6163.61
2006,2,ND,6276.06
2006,3,ND,9154.13
2006,4,ND,3586.0
2006,5,ND,7102.68
2006,6,ND,8922.02
2006,7,ND,4471.4
2006,8,ND,4421.35
2006,9,ND,4858.58
2006,10,ND,3595.54
2006,11,ND,7799.64
2006,12,ND,14195.02
2007,1,ND,12045.0
2007,2,ND,9094.0
2007,3,ND,8458.0
2007,4,ND,3477.0
2007,5,ND,7572.0
2007,6,ND,12931.0
2007,7,ND,7254.0
2007,8,ND,4664.0
2007,9,ND,6687.0
2007,10,ND,3238.0
2007,11,ND,8340.0
2007,12,ND,15531.0
2001,1,NE,7440.0
2001,2,NE,5512.0
2001,3,NE,6752.0
2001,4,NE,3330.0
2001,5,NE,10643.0
2001,6,NE,2362.0
2001,7,NE,7689.0
2001,8,NE,15340.0
2001,9,NE,2105.0
2001,10,NE,2415.0
2001,11,NE,1948.0
2001,12,NE,2014.0
2002,1,NE,3565.0
2002,2,NE,3071.0
2002,3,NE,3916.0
2002,4,NE,7399.0
2002,5,NE,1371.0
2002,6,NE,2925.0
2002,7,NE,5044.0
2002,8,NE,5393.0
2002,9,NE,3578.0
2002,10,NE,2527.0
2002,11,NE,3754.0
2002,12,NE,3141.0
2003,1,NE,10855.0
2003,2,NE,21923.0
2003,3,NE,18980.0
2003,4,NE,4199.0
2003,5,NE,5605.0
2003,6,NE,4287.0
2003,7,NE,7718.0
2003,8,NE,8573.0
2003,9,NE,3002.0
2003,10,NE,3776.0
2003,11,NE,11238.0
2003,12,NE,3541.0
2004,1,NE,5400.89
2004,2,NE,6700.29
2004,3,NE,5110.2
2004,4,NE,6181.07
2004,5,NE,1415.99
2004,6,NE,8126.19
2004,7,NE,1794.12
2004,8,NE,2139.86
2004,9,NE,3000.21
2004,10,NE,1587.32
2004,11,NE,2857.62
2004,12,NE,4481.56
2005,1,NE,7171.13
2005,2,NE,6050.86
2005,3,NE,3439.27
2005,4,NE,3774.95
2005,5,NE,4695.59
2005,6,NE,4255.85
2005,7,NE,4185.77
2005,8,NE,4843.12
2005,9,NE,4634.3
2005,10,NE,4010.62
2005,11,NE,3701.03
2005,12,NE,14255.09
2006,1,NE,4028.41
2006,2,NE,4380.81
2006,3,NE,3472.02
2006,4,NE,3184.22
2006,5,NE,4768.83
2006,6,NE,2403.03
2006,7,NE,4865.6
2006,8,NE,4869.97
2006,9,NE,1704.38
2006,10,NE,2975.19
2006,11,NE,2499.34
2006,12,NE,3106.1
2007,1,NE,8744.0
2007,2,NE,23801.0
2007,3,NE,1411.0
2007,4,NE,1255.0
2007,5,NE,12954.0
2007,6,NE,9064.0
2007,7,NE,2453.0
2007,8,NE,8445.0
2007,9,NE,1228.0
2007,10,NE,486.0
2007,11,NE,5328.0
2007,12,NE,1529.0
2001,1,NH,20742.0
2001,2,NH,23738.0
2001,3,NH,29194.0
2001,4,NH,116266.0
2001,5,NH,124659.0
2001,6,NH,132037.0
2001,7,NH,133161.0
2001,8,NH,167472.0
2001,9,NH,52641.0
2001,10,NH,110416.0
2001,11,NH,49909.0
2001,12,NH,31928.0
2002,1,NH,29782.0
2002,2,NH,21240.0
2002,3,NH,9335.0
2002,4,NH,53168.0
2002,5,NH,139440.0
2002,6,NH,82345.0
2002,7,NH,137823.0
2002,8,NH,132954.0
2002,9,NH,116429.0
2002,10,NH,180618.0
2002,11,NH,106306.0
2002,12,NH,289566.0
2003,1,NH,429408.0
2003,2,NH,283412.0
2003,3,NH,187703.0
2003,4,NH,358153.0
2003,5,NH,338781.0
2003,6,NH,296144.0
2003,7,NH,333817.0
2003,8,NH,317129.0
2003,9,NH,224857.0
2003,10,NH,293610.0
2003,11,NH,177704.0
2003,12,NH,339980.0
2004,1,NH,617608.12
2004,2,NH,328713.09
2004,3,NH,137109.9
2004,4,NH,349029.21
2004,5,NH,410791.07
2004,6,NH,216780.77
2004,7,NH,323351.54
2004,8,NH,292174.5
2004,9,NH,241498.34
2004,10,NH,16345.13
2004,11,NH,246654.42
2004,12,NH,417620.88
2005,1,NH,502156.81
2005,2,NH,392418.34
2005,3,NH,46687.02
2005,4,NH,29311.27
2005,5,NH,112527.4
2005,6,NH,85633.74
2005,7,NH,299737.07
2005,8,NH,420365.39
2005,9,NH,119492.91
2005,10,NH,153614.17
2005,11,NH,116650.44
2005,12,NH,264478.52
2006,1,NH,229359.54
2006,2,NH,71678.21
2006,3,NH,23624.32
2006,4,NH,60159.85
2006,5,NH,53538.11
2006,6,NH,38506.69
2006,7,NH,76285.96
2006,8,NH,88374.44
2006,9,NH,24399.52
2006,10,NH,20872.54
2006,11,NH,25685.97
2006,12,NH,61539.44
2007,1,NH,139018.0
2007,2,NH,276783.0
2007,3,NH,43100.0
2007,4,NH,9707.0
2007,5,NH,2138.0
2007,6,NH,48096.0
2007,7,NH,3607.0
2007,8,NH,25743.0
2007,9,NH,2991.0
2007,10,NH,1515.0
2007,11,NH,2101.0
2007,12,NH,99047.0
2001,1,NJ,523862.0
2001,2,NJ,174936.0
2001,3,NJ,279504.0
2001,4,NJ,176420.0
2001,5,NJ,181600.0
2001,6,NJ,451451.0
2001,7,NJ,270066.0
2001,8,NJ,472230.0
2001,9,NJ,112880.0
2001,10,NJ,85075.0
2001,11,NJ,32464.0
2001,12,NJ,25534.0
2002,1,NJ,62067.0
2002,2,NJ,42338.0
2002,3,NJ,60192.0
2002,4,NJ,130784.0
2002,5,NJ,113332.0
2002,6,NJ,202209.0
2002,7,NJ,292631.0
2002,8,NJ,450840.0
2002,9,NJ,93613.0
2002,10,NJ,64150.0
2002,11,NJ,38146.0
2002,12,NJ,141368.0
2003,1,NJ,803388.0
2003,2,NJ,630834.0
2003,3,NJ,504605.0
2003,4,NJ,85713.0
2003,5,NJ,74775.0
2003,6,NJ,213573.0
2003,7,NJ,322356.0
2003,8,NJ,267747.0
2003,9,NJ,89569.0
2003,10,NJ,14786.0
2003,11,NJ,46926.0
2003,12,NJ,68273.0
2004,1,NJ,1167915.22
2004,2,NJ,123246.12
2004,3,NJ,91101.22
2004,4,NJ,95000.66
2004,5,NJ,273113.08
2004,6,NJ,121896.81
2004,7,NJ,176666.67
2004,8,NJ,214557.41
2004,9,NJ,55590.62
2004,10,NJ,10098.58
2004,11,NJ,74870.24
2004,12,NJ,212950.72
2005,1,NJ,538692.85
2005,2,NJ,31929.97
2005,3,NJ,28979.23
2005,4,NJ,65094.51
2005,5,NJ,39033.26
2005,6,NJ,182430.15
2005,7,NJ,249359.06
2005,8,NJ,242597.87
2005,9,NJ,131000.77
2005,10,NJ,85560.57
2005,11,NJ,67732.82
2005,12,NJ,293782.84
2006,1,NJ,46971.45
2006,2,NJ,36578.32
2006,3,NJ,76302.7
2006,4,NJ,30528.55
2006,5,NJ,22113.69
2006,6,NJ,35192.54
2006,7,NJ,72216.75
2006,8,NJ,154432.94
2006,9,NJ,25008.98
2006,10,NJ,22928.62
2006,11,NJ,21772.18
2006,12,NJ,25045.07
2007,1,NJ,47470.0
2007,2,NJ,370686.0
2007,3,NJ,119800.0
2007,4,NJ,29194.0
2007,5,NJ,6585.0
2007,6,NJ,48413.0
2007,7,NJ,71045.0
2007,8,NJ,99536.0
2007,9,NJ,38424.0
2007,10,NJ,22745.0
2007,11,NJ,20972.0
2007,12,NJ,20779.0
2001,1,NM,25718.0
2001,2,NM,20779.0
2001,3,NM,9968.0
2001,4,NM,7817.0
2001,5,NM,19509.0
2001,6,NM,8024.0
2001,7,NM,7128.0
2001,8,NM,5864.0
2001,9,NM,12449.0
2001,10,NM,3883.0
2001,11,NM,9625.0
2001,12,NM,1599.0
2002,1,NM,7832.0
2002,2,NM,2610.0
2002,3,NM,4158.0
2002,4,NM,1881.0
2002,5,NM,4960.0
2002,6,NM,2754.0
2002,7,NM,6127.0
2002,8,NM,1639.0
2002,9,NM,7881.0
2002,10,NM,2626.0
2002,11,NM,9514.0
2002,12,NM,6528.0
2003,1,NM,6177.0
2003,2,NM,10702.0
2003,3,NM,6199.0
2003,4,NM,10345.0
2003,5,NM,8575.0
2003,6,NM,6592.0
2003,7,NM,4305.0
2003,8,NM,2681.0
2003,9,NM,5302.0
2003,10,NM,6842.0
2003,11,NM,14585.0
2003,12,NM,8198.0
2004,1,NM,6575.52
2004,2,NM,4374.31
2004,3,NM,6438.53
2004,4,NM,4583.56
2004,5,NM,1622.52
2004,6,NM,2398.57
2004,7,NM,6495.94
2004,8,NM,3585.72
2004,9,NM,846.32
2004,10,NM,4605.52
2004,11,NM,10080.14
2004,12,NM,3334.35
2005,1,NM,9297.03
2005,2,NM,2985.82
2005,3,NM,5502.64
2005,4,NM,11650.94
2005,5,NM,7325.99
2005,6,NM,2392.66
2005,7,NM,4019.65
2005,8,NM,5329.58
2005,9,NM,3404.71
2005,10,NM,2552.64
2005,11,NM,5527.97
2005,12,NM,5319.4
2006,1,NM,18522.12
2006,2,NM,5356.11
2006,3,NM,3625.76
2006,4,NM,9877.05
2006,5,NM,6169.86
2006,6,NM,3379.02
2006,7,NM,1620.03
2006,8,NM,2783.05
2006,9,NM,6434.85
2006,10,NM,4056.49
2006,11,NM,5868.73
2006,12,NM,5723.94
2007,1,NM,2479.0
2007,2,NM,6821.0
2007,3,NM,8707.0
2007,4,NM,5659.0
2007,5,NM,5789.0
2007,6,NM,3388.0
2007,7,NM,7697.0
2007,8,NM,4428.0
2007,9,NM,4920.0
2007,10,NM,935.0
2007,11,NM,21297.0
2007,12,NM,10231.0
2001,1,NV,238839.0
2001,2,NV,166867.0
2001,3,NV,180105.0
2001,4,NV,295895.0
2001,5,NV,240682.0
2001,6,NV,269751.0
2001,7,NV,200844.0
2001,8,NV,252552.0
2001,9,NV,240134.0
2001,10,NV,25612.0
2001,11,NV,2154.0
2001,12,NV,11343.0
2002,1,NV,6378.0
2002,2,NV,5615.0
2002,3,NV,1613.0
2002,4,NV,5134.0
2002,5,NV,3392.0
2002,6,NV,3615.0
2002,7,NV,2491.0
2002,8,NV,2762.0
2002,9,NV,7262.0
2002,10,NV,4037.0
2002,11,NV,3514.0
2002,12,NV,3140.0
2003,1,NV,2700.0
2003,2,NV,2249.0
2003,3,NV,4674.0
2003,4,NV,4613.0
2003,5,NV,2293.0
2003,6,NV,2638.0
2003,7,NV,5936.0
2003,8,NV,1681.0
2003,9,NV,2179.0
2003,10,NV,1147.0
2003,11,NV,1233.0
2003,12,NV,2357.0
2004,1,NV,90404.75
2004,2,NV,51085.75
2004,3,NV,2760.75
2004,4,NV,3743.75
2004,5,NV,4893.75
2004,6,NV,2189.75
2004,7,NV,1136.75
2004,8,NV,2936.75
2004,9,NV,1637.75
2004,10,NV,3284.75
2004,11,NV,3219.75
2004,12,NV,3190.75
2005,1,NV,5111.78
2005,2,NV,3391.35
2005,3,NV,1677.72
2005,4,NV,6361.27
2005,5,NV,5044.08
2005,6,NV,1703.83
2005,7,NV,3364.37
2005,8,NV,5566.34
2005,9,NV,2421.83
2005,10,NV,3302.87
2005,11,NV,1560.16
2005,12,NV,3945.42
2006,1,NV,1516.13
2006,2,NV,849.04
2006,3,NV,1801.35
2006,4,NV,2689.19
2006,5,NV,4706.72
2006,6,NV,4704.83
2006,7,NV,8899.96
2006,8,NV,1237.5
2006,9,NV,3656.56
2006,10,NV,1869.97
2006,11,NV,1443.34
2006,12,NV,3393.43
2007,1,NV,2170.0
2007,2,NV,3013.0
2007,3,NV,1379.0
2007,4,NV,1926.0
2007,5,NV,671.0
2007,6,NV,3795.0
2007,7,NV,2417.0
2007,8,NV,1841.0
2007,9,NV,848.0
2007,10,NV,662.0
2007,11,NV,2404.0
2007,12,NV,3829.0
2001,1,NY,4845871.0
2001,2,NY,3340102.0
2001,3,NY,3518755.0
2001,4,NY,2837332.0
2001,5,NY,2593028.0
2001,6,NY,2629047.0
2001,7,NY,2011057.0
2001,8,NY,2701650.0
2001,9,NY,1081503.0
2001,10,NY,973124.0
2001,11,NY,1163091.0
2001,12,NY,1330509.0
2002,1,NY,1509685.0
2002,2,NY,951173.0
2002,3,NY,1308610.0
2002,4,NY,1316894.0
2002,5,NY,1577751.0
2002,6,NY,1773248.0
2002,7,NY,2546394.0
2002,8,NY,2384751.0
2002,9,NY,1127645.0
2002,10,NY,1209272.0
2002,11,NY,1902256.0
2002,12,NY,2490971.0
2003,1,NY,2999699.0
2003,2,NY,3114206.0
2003,3,NY,2803312.0
2003,4,NY,3100077.0
2003,5,NY,1589138.0
2003,6,NY,2665727.0
2003,7,NY,3276220.0
2003,8,NY,3848574.0
2003,9,NY,2070528.0
2003,10,NY,2029255.0
2003,11,NY,1821685.0
2003,12,NY,3487270.0
2004,1,NY,5676883.85
2004,2,NY,3154606.02
2004,3,NY,3077385.69
2004,4,NY,2822587.3
2004,5,NY,2347951.0
2004,6,NY,2875456.9
2004,7,NY,3542178.49
2004,8,NY,3069991.28
2004,9,NY,1891797.88
2004,10,NY,1872314.97
2004,11,NY,1961271.39
2004,12,NY,3056678.16
2005,1,NY,4319962.24
2005,2,NY,2641096.82
2005,3,NY,2935190.32
2005,4,NY,2373340.99
2005,5,NY,1221450.76
2005,6,NY,3445715.3
2005,7,NY,3803910.44
2005,8,NY,5014218.34
2005,9,NY,4130074.55
2005,10,NY,3188678.82
2005,11,NY,2281792.6
2005,12,NY,4156458.95
2006,1,NY,2084347.69
2006,2,NY,1653381.3
2006,3,NY,738933.04
2006,4,NY,482742.62
2006,5,NY,288065.64
2006,6,NY,737545.37
2006,7,NY,1460306.43
2006,8,NY,1537898.14
2006,9,NY,180729.06
2006,10,NY,578651.11
2006,11,NY,843097.06
2006,12,NY,1050526.53
2007,1,NY,2105574.0
2007,2,NY,3409670.0
2007,3,NY,1667160.0
2007,4,NY,1221822.0
2007,5,NY,624626.0
2007,6,NY,846558.0
2007,7,NY,886754.0
2007,8,NY,1031019.0
2007,9,NY,664610.0
2007,10,NY,363964.0
2007,11,NY,215323.0
2007,12,NY,818070.0
2001,1,OH,105092.0
2001,2,OH,39637.0
2001,3,OH,86163.0
2001,4,OH,114223.0
2001,5,OH,82292.0
2001,6,OH,54070.0
2001,7,OH,70726.0
2001,8,OH,71742.0
2001,9,OH,46252.0
2001,10,OH,53702.0
2001,11,OH,47874.0
2001,12,OH,33965.0
2002,1,OH,58916.0
2002,2,OH,35876.0
2002,3,OH,69561.0
2002,4,OH,55649.0
2002,5,OH,85368.0
2002,6,OH,46275.0
2002,7,OH,66656.0
2002,8,OH,54342.0
2002,9,OH,61657.0
2002,10,OH,62928.0
2002,11,OH,47717.0
2002,12,OH,36504.0
2003,1,OH,71110.0
2003,2,OH,125897.0
2003,3,OH,89482.0
2003,4,OH,93088.0
2003,5,OH,70134.0
2003,6,OH,58579.0
2003,7,OH,85153.0
2003,8,OH,95834.0
2003,9,OH,49091.0
2003,10,OH,52820.0
2003,11,OH,43022.0
2003,12,OH,53926.0
2004,1,OH,276628.39
2004,2,OH,212199.47
2004,3,OH,199562.1
2004,4,OH,206159.68
2004,5,OH,252554.4
2004,6,OH,229927.39
2004,7,OH,217327.29
2004,8,OH,206893.76
2004,9,OH,230995.93
2004,10,OH,158080.66
2004,11,OH,226041.28
2004,12,OH,226590.14
2005,1,OH,235472.53
2005,2,OH,140909.59
2005,3,OH,205525.36
2005,4,OH,223835.29
2005,5,OH,222013.66
2005,6,OH,212797.72
2005,7,OH,167148.07
2005,8,OH,234350.27
2005,9,OH,221954.06
2005,10,OH,224688.37
2005,11,OH,201708.52
2005,12,OH,286291.25
2006,1,OH,223213.91
2006,2,OH,140626.28
2006,3,OH,188535.61
2006,4,OH,195747.64
2006,5,OH,233834.53
2006,6,OH,203202.0
2006,7,OH,235747.16
2006,8,OH,203189.92
2006,9,OH,187303.69
2006,10,OH,215247.76
2006,11,OH,203671.69
2006,12,OH,205341.84
2007,1,OH,208155.0
2007,2,OH,192883.0
2007,3,OH,159800.0
2007,4,OH,184220.0
2007,5,OH,210907.0
2007,6,OH,214996.0
2007,7,OH,199956.0
2007,8,OH,163279.0
2007,9,OH,127242.0
2007,10,OH,50633.0
2007,11,OH,162671.0
2007,12,OH,223886.0
2001,1,OK,236870.0
2001,2,OK,7854.0
2001,3,OK,2329.0
2001,4,OK,11110.0
2001,5,OK,8521.0
2001,6,OK,6862.0
2001,7,OK,7012.0
2001,8,OK,7315.0
2001,9,OK,6440.0
2001,10,OK,3908.0
2001,11,OK,5693.0
2001,12,OK,10349.0
2002,1,OK,7935.0
2002,2,OK,7035.0
2002,3,OK,7210.0
2002,4,OK,6626.0
2002,5,OK,7980.0
2002,6,OK,3156.0
2002,7,OK,6752.0
2002,8,OK,9220.0
2002,9,OK,5968.0
2002,10,OK,12684.0
2002,11,OK,5417.0
2002,12,OK,8226.0
2003,1,OK,62142.0
2003,2,OK,78142.0
2003,3,OK,50817.0
2003,4,OK,9035.0
2003,5,OK,10343.0
2003,6,OK,10791.0
2003,7,OK,7901.0
2003,8,OK,6670.0
2003,9,OK,9048.0
2003,10,OK,6921.0
2003,11,OK,10644.0
2003,12,OK,9427.0
2004,1,OK,6841.94
2004,2,OK,5001.11
2004,3,OK,3909.11
2004,4,OK,14774.46
2004,5,OK,8312.3
2004,6,OK,9055.44
2004,7,OK,6822.1
2004,8,OK,5840.84
2004,9,OK,4523.47
2004,10,OK,7715.85
2004,11,OK,5309.85
2004,12,OK,4114.51
2005,1,OK,6401.13
2005,2,OK,5077.16
2005,3,OK,5202.4
2005,4,OK,5403.13
2005,5,OK,5631.86
2005,6,OK,6458.37
2005,7,OK,3434.99
2005,8,OK,5743.53
2005,9,OK,13728.77
2005,10,OK,4785.81
2005,11,OK,6073.72
2005,12,OK,5696.44
2006,1,OK,6855.92
2006,2,OK,7067.29
2006,3,OK,3775.39
2006,4,OK,18617.63
2006,5,OK,6542.9
2006,6,OK,1148.39
2006,7,OK,2228.39
2006,8,OK,4299.37
2006,9,OK,5942.2
2006,10,OK,4996.46
2006,11,OK,8427.38
2006,12,OK,9805.8
2007,1,OK,12214.0
2007,2,OK,9041.0
2007,3,OK,142071.0
2007,4,OK,52208.0
2007,5,OK,2745.0
2007,6,OK,9217.0
2007,7,OK,2047.0
2007,8,OK,3638.0
2007,9,OK,2398.0
2007,10,OK,10642.0
2007,11,OK,16867.0
2007,12,OK,3784.0
2001,1,OR,110456.0
2001,2,OR,72912.0
2001,3,OR,2642.0
2001,4,OR,556.0
2001,5,OR,365.0
2001,6,OR,2011.0
2001,7,OR,89.0
2001,8,OR,676.0
2001,9,OR,151.0
2001,10,OR,204.0
2001,11,OR,10681.0
2001,12,OR,44.0
2002,1,OR,1343.0
2002,2,OR,120.0
2002,3,OR,5044.0
2002,4,OR,2842.0
2002,5,OR,1504.0
2002,6,OR,17.0
2002,7,OR,3938.0
2002,8,OR,120.0
2002,9,OR,143.0
2002,10,OR,10.0
2002,11,OR,182.0
2002,12,OR,390.0
2003,1,OR,1644.0
2003,2,OR,38038.0
2003,3,OR,33293.0
2003,4,OR,90.0
2003,5,OR,4951.0
2003,6,OR,7426.0
2003,7,OR,4850.0
2003,8,OR,4684.0
2003,9,OR,3868.0
2003,10,OR,98.0
2003,11,OR,386.0
2003,12,OR,1180.0
2004,1,OR,36841.3
2004,2,OR,2756.52
2004,3,OR,73.31
2004,4,OR,6141.07
2004,5,OR,0.0
2004,6,OR,0.0
2004,7,OR,12073.0
2004,8,OR,2620.01
2004,9,OR,289.12
2004,10,OR,463.64
2004,11,OR,7408.22
2004,12,OR,2944.51
2005,1,OR,7034.64
2005,2,OR,5305.7
2005,3,OR,2875.59
2005,4,OR,3345.87
2005,5,OR,872.54
2005,6,OR,85.66
2005,7,OR,19494.86
2005,8,OR,1253.03
2005,9,OR,2804.54
2005,10,OR,4340.86
2005,11,OR,26282.58
2005,12,OR,42507.17
2006,1,OR,699.06
2006,2,OR,1153.3
2006,3,OR,3.06
2006,4,OR,28.87
2006,5,OR,2553.68
2006,6,OR,500.65
2006,7,OR,638.81
2006,8,OR,131.86
2006,9,OR,526.5
2006,10,OR,1433.5
2006,11,OR,5462.91
2006,12,OR,3887.06
2007,1,OR,1615.0
2007,2,OR,3814.0
2007,3,OR,2731.0
2007,4,OR,1658.0
2007,5,OR,1318.0
2007,6,OR,208.0
2007,7,OR,354.0
2007,8,OR,449.0
2007,9,OR,247.0
2007,10,OR,603.0
2007,11,OR,2195.0
2007,12,OR,699.0
2001,1,PA,1005652.0
2001,2,PA,196117.0
2001,3,PA,478840.0
2001,4,PA,960097.0
2001,5,PA,524322.0
2001,6,PA,844047.0
2001,7,PA,746634.0
2001,8,PA,1052506.0
2001,9,PA,212196.0
2001,10,PA,244361.0
2001,11,PA,181111.0
2001,12,PA,309043.0
2002,1,PA,189261.0
2002,2,PA,196071.0
2002,3,PA,401416.0
2002,4,PA,369634.0
2002,5,PA,171498.0
2002,6,PA,610785.0
2002,7,PA,1043824.0
2002,8,PA,791909.0
2002,9,PA,415036.0
2002,10,PA,366706.0
2002,11,PA,199817.0
2002,12,PA,679095.0
2003,1,PA,1401466.0
2003,2,PA,1399313.0
2003,3,PA,972076.0
2003,4,PA,684861.0
2003,5,PA,313335.0
2003,6,PA,641031.0
2003,7,PA,882450.0
2003,8,PA,963405.0
2003,9,PA,391686.0
2003,10,PA,267740.0
2003,11,PA,217751.0
2003,12,PA,710148.0
2004,1,PA,1623366.76
2004,2,PA,476758.59
2004,3,PA,726156.8
2004,4,PA,700337.69
2004,5,PA,805172.98
2004,6,PA,629859.56
2004,7,PA,724230.21
2004,8,PA,521066.39
2004,9,PA,173330.99
2004,10,PA,134741.7
2004,11,PA,188951.49
2004,12,PA,1051495.47
2005,1,PA,1309645.08
2005,2,PA,415064.74
2005,3,PA,713571.89
2005,4,PA,191524.37
2005,5,PA,173470.9
2005,6,PA,920441.26
2005,7,PA,1346322.83
2005,8,PA,1278454.17
2005,9,PA,818771.99
2005,10,PA,703942.78
2005,11,PA,289732.83
2005,12,PA,1122158.95
2006,1,PA,161634.69
2006,2,PA,192377.62
2006,3,PA,139084.41
2006,4,PA,118953.83
2006,5,PA,134384.11
2006,6,PA,182567.22
2006,7,PA,371546.81
2006,8,PA,419433.8
2006,9,PA,115048.28
2006,10,PA,72289.91
2006,11,PA,133231.65
2006,12,PA,121430.87
2007,1,PA,188065.0
2007,2,PA,693684.0
2007,3,PA,379182.0
2007,4,PA,100254.0
2007,5,PA,119765.0
2007,6,PA,306172.0
2007,7,PA,187212.0
2007,8,PA,212288.0
2007,9,PA,139229.0
2007,10,PA,109700.0
2007,11,PA,76333.0
2007,12,PA,153160.0
2001,1,RI,44100.0
2001,2,RI,13570.0
2001,3,RI,15780.0
2001,4,RI,15770.0
2001,5,RI,17790.0
2001,6,RI,15770.0
2001,7,RI,17620.0
2001,8,RI,21390.0
2001,9,RI,19710.0
2001,10,RI,18980.0
2001,11,RI,15010.0
2001,12,RI,19560.0
2002,1,RI,18865.0
2002,2,RI,14942.0
2002,3,RI,13239.0
2002,4,RI,12236.0
2002,5,RI,13794.0
2002,6,RI,14458.0
2002,7,RI,21363.0
2002,8,RI,16220.0
2002,9,RI,15140.0
2002,10,RI,13935.0
2002,11,RI,19850.0
2002,12,RI,17748.0
2003,1,RI,23971.0
2003,2,RI,27511.0
2003,3,RI,18555.0
2003,4,RI,14945.0
2003,5,RI,5487.0
2003,6,RI,13498.0
2003,7,RI,18683.0
2003,8,RI,19890.0
2003,9,RI,9680.0
2003,10,RI,8391.0
2003,11,RI,9458.0
2003,12,RI,15774.0
2004,1,RI,9680.14
2004,2,RI,9255.14
2004,3,RI,9255.14
2004,4,RI,9255.14
2004,5,RI,9255.14
2004,6,RI,9255.14
2004,7,RI,9255.14
2004,8,RI,9255.14
2004,9,RI,9255.14
2004,10,RI,9255.14
2004,11,RI,9255.14
2004,12,RI,9849.14
2005,1,RI,17600.85
2005,2,RI,7554.47
2005,3,RI,8584.49
2005,4,RI,5935.63
2005,5,RI,3480.06
2005,6,RI,11534.46
2005,7,RI,14022.78
2005,8,RI,16224.84
2005,9,RI,12201.45
2005,10,RI,12209.36
2005,11,RI,6089.03
2005,12,RI,16920.94
2006,1,RI,7583.67
2006,2,RI,6105.54
2006,3,RI,6153.09
2006,4,RI,5728.48
2006,5,RI,5151.92
2006,6,RI,4871.29
2006,7,RI,6300.45
2006,8,RI,5784.4
2006,9,RI,4309.11
2006,10,RI,4225.57
2006,11,RI,5224.31
2006,12,RI,6671.09
2007,1,RI,12754.0
2007,2,RI,15611.0
2007,3,RI,14479.0
2007,4,RI,6244.0
2007,5,RI,3335.0
2007,6,RI,3754.0
2007,7,RI,3612.0
2007,8,RI,3618.0
2007,9,RI,2788.0
2007,10,RI,1392.0
2007,11,RI,803.0
2007,12,RI,8926.0
2001,1,SC,133449.0
2001,2,SC,62890.0
2001,3,SC,92612.0
2001,4,SC,77404.0
2001,5,SC,37138.0
2001,6,SC,27973.0
2001,7,SC,42783.0
2001,8,SC,91261.0
2001,9,SC,16117.0
2001,10,SC,31261.0
2001,11,SC,31643.0
2001,12,SC,19137.0
2002,1,SC,50349.0
2002,2,SC,43229.0
2002,3,SC,84617.0
2002,4,SC,71002.0
2002,5,SC,50235.0
2002,6,SC,97759.0
2002,7,SC,67762.0
2002,8,SC,47892.0
2002,9,SC,54191.0
2002,10,SC,40497.0
2002,11,SC,39059.0
2002,12,SC,80468.0
2003,1,SC,136111.0
2003,2,SC,139528.0
2003,3,SC,63376.0
2003,4,SC,49506.0
2003,5,SC,62986.0
2003,6,SC,96322.0
2003,7,SC,53219.0
2003,8,SC,58095.0
2003,9,SC,43175.0
2003,10,SC,62731.0
2003,11,SC,67471.0
2003,12,SC,93541.0
2004,1,SC,166261.5
2004,2,SC,148779.94
2004,3,SC,130207.51
2004,4,SC,57013.6
2004,5,SC,95194.74
2004,6,SC,150655.3
2004,7,SC,119634.71
2004,8,SC,91333.98
2004,9,SC,99122.8
2004,10,SC,129430.49
2004,11,SC,95008.78
2004,12,SC,122450.53
2005,1,SC,113046.19
2005,2,SC,86666.26
2005,3,SC,99074.22
2005,4,SC,68568.21
2005,5,SC,88781.05
2005,6,SC,70509.26
2005,7,SC,115444.59
2005,8,SC,146154.84
2005,9,SC,69669.69
2005,10,SC,21952.27
2005,11,SC,24702.22
2005,12,SC,87165.77
2006,1,SC,32691.51
2006,2,SC,40948.43
2006,3,SC,27568.68
2006,4,SC,25727.33
2006,5,SC,25456.21
2006,6,SC,25720.91
2006,7,SC,29797.91
2006,8,SC,66017.17
2006,9,SC,31653.92
2006,10,SC,28488.59
2006,11,SC,23212.94
2006,12,SC,35676.58
2007,1,SC,47887.0
2007,2,SC,42634.0
2007,3,SC,21416.0
2007,4,SC,20932.0
2007,5,SC,21704.0
2007,6,SC,20282.0
2007,7,SC,31724.0
2007,8,SC,97407.0
2007,9,SC,40084.0
2007,10,SC,31077.0
2007,11,SC,20514.0
2007,12,SC,18404.0
2001,1,SD,49116.0
2001,2,SD,25400.0
2001,3,SD,3303.0
2001,4,SD,3667.0
2001,5,SD,7954.0
2001,6,SD,5230.0
2001,7,SD,1961.0
2001,8,SD,5393.0
2001,9,SD,985.0
2001,10,SD,1418.0
2001,11,SD,1860.0
2001,12,SD,735.0
2002,1,SD,660.0
2002,2,SD,1996.0
2002,3,SD,1008.0
2002,4,SD,1027.0
2002,5,SD,2098.0
2002,6,SD,880.0
2002,7,SD,3661.0
2002,8,SD,1891.0
2002,9,SD,1089.0
2002,10,SD,2215.0
2002,11,SD,1311.0
2002,12,SD,263.0
2003,1,SD,2812.0
2003,2,SD,5114.0
2003,3,SD,3966.0
2003,4,SD,2458.0
2003,5,SD,666.0
2003,6,SD,1622.0
2003,7,SD,3757.0
2003,8,SD,4083.0
2003,9,SD,2785.0
2003,10,SD,1626.0
2003,11,SD,2364.0
2003,12,SD,11789.0
2004,1,SD,32809.45
2004,2,SD,522.81
2004,3,SD,371.41
2004,4,SD,880.91
2004,5,SD,364.44
2004,6,SD,2173.82
2004,7,SD,6213.28
2004,8,SD,626.01
2004,9,SD,1371.45
2004,10,SD,1419.58
2004,11,SD,421.78
2004,12,SD,8587.0
2005,1,SD,3411.98
2005,2,SD,1202.47
2005,3,SD,1220.77
2005,4,SD,1562.59
2005,5,SD,2490.59
2005,6,SD,24064.93
2005,7,SD,4975.15
2005,8,SD,3082.14
2005,9,SD,1803.37
2005,10,SD,2290.72
2005,11,SD,2118.35
2005,12,SD,3736.02
2006,1,SD,1499.01
2006,2,SD,2281.84
2006,3,SD,2697.12
2006,4,SD,1293.26
2006,5,SD,1195.37
2006,6,SD,1869.16
2006,7,SD,1559.68
2006,8,SD,1576.47
2006,9,SD,1492.43
2006,10,SD,867.24
2006,11,SD,1253.15
2006,12,SD,1193.39
2007,1,SD,39700.0
2007,2,SD,65862.0
2007,3,SD,623.0
2007,4,SD,723.0
2007,5,SD,683.0
2007,6,SD,537.0
2007,7,SD,23.0
2007,8,SD,401.0
2007,9,SD,88.0
2007,10,SD,25.0
2007,11,SD,12392.0
2007,12,SD,18656.0
2001,1,TN,455398.0
2001,2,TN,56386.0
2001,3,TN,42483.0
2001,4,TN,46591.0
2001,5,TN,93160.0
2001,6,TN,55903.0
2001,7,TN,23033.0
2001,8,TN,18536.0
2001,9,TN,11941.0
2001,10,TN,51794.0
2001,11,TN,18617.0
2001,12,TN,36507.0
2002,1,TN,53906.0
2002,2,TN,30556.0
2002,3,TN,106811.0
2002,4,TN,23349.0
2002,5,TN,33860.0
2002,6,TN,59265.0
2002,7,TN,34787.0
2002,8,TN,17859.0
2002,9,TN,26781.0
2002,10,TN,32544.0
2002,11,TN,24290.0
2002,12,TN,43189.0
2003,1,TN,93870.0
2003,2,TN,238635.0
2003,3,TN,85690.0
2003,4,TN,29200.0
2003,5,TN,112531.0
2003,6,TN,138684.0
2003,7,TN,32587.0
2003,8,TN,31577.0
2003,9,TN,21029.0
2003,10,TN,16257.0
2003,11,TN,43002.0
2003,12,TN,40227.0
2004,1,TN,38315.49
2004,2,TN,25101.7
2004,3,TN,22102.07
2004,4,TN,28135.34
2004,5,TN,31581.13
2004,6,TN,24986.05
2004,7,TN,21698.78
2004,8,TN,31448.99
2004,9,TN,24966.97
2004,10,TN,19798.04
2004,11,TN,27133.19
2004,12,TN,38559.68
2005,1,TN,64833.26
2005,2,TN,25710.25
2005,3,TN,25315.24
2005,4,TN,30211.52
2005,5,TN,19979.75
2005,6,TN,17491.46
2005,7,TN,28496.09
2005,8,TN,22225.35
2005,9,TN,51832.27
2005,10,TN,38998.73
2005,11,TN,31305.91
2005,12,TN,69478.42
2006,1,TN,32145.98
2006,2,TN,16842.98
2006,3,TN,12455.34
2006,4,TN,35745.34
2006,5,TN,17438.5
2006,6,TN,14804.58
2006,7,TN,22497.68
2006,8,TN,20875.35
2006,9,TN,25538.01
2006,10,TN,33274.29
2006,11,TN,32511.05
2006,12,TN,16596.53
2007,1,TN,31229.0
2007,2,TN,22817.0
2007,3,TN,19013.0
2007,4,TN,43074.0
2007,5,TN,28721.0
2007,6,TN,33680.0
2007,7,TN,34264.0
2007,8,TN,24553.0
2007,9,TN,22891.0
2007,10,TN,22895.0
2007,11,TN,18093.0
2007,12,TN,43785.0
2001,1,TX,2753073.0
2001,2,TX,625012.0
2001,3,TX,478155.0
2001,4,TX,296953.0
2001,5,TX,274386.0
2001,6,TX,259897.0
2001,7,TX,264471.0
2001,8,TX,245244.0
2001,9,TX,255015.0
2001,10,TX,50483.0
2001,11,TX,90692.0
2001,12,TX,199596.0
2002,1,TX,332989.0
2002,2,TX,379624.0
2002,3,TX,417432.0
2002,4,TX,321735.0
2002,5,TX,299641.0
2002,6,TX,316332.0
2002,7,TX,282488.0
2002,8,TX,347277.0
2002,9,TX,340194.0
2002,10,TX,250351.0
2002,11,TX,346395.0
2002,12,TX,391556.0
2003,1,TX,432826.0
2003,2,TX,869643.0
2003,3,TX,571271.0
2003,4,TX,182677.0
2003,5,TX,532737.0
2003,6,TX,687857.0
2003,7,TX,469486.0
2003,8,TX,211468.0
2003,9,TX,319933.0
2003,10,TX,260471.0
2003,11,TX,291677.0
2003,12,TX,487012.0
2004,1,TX,328094.92
2004,2,TX,219991.16
2004,3,TX,259589.01
2004,4,TX,274643.39
2004,5,TX,265050.08
2004,6,TX,302100.19
2004,7,TX,289921.09
2004,8,TX,317233.74
2004,9,TX,305133.5
2004,10,TX,308791.84
2004,11,TX,269361.83
2004,12,TX,424181.26
2005,1,TX,256333.98
2005,2,TX,219558.73
2005,3,TX,261576.74
2005,4,TX,186548.55
2005,5,TX,274828.22
2005,6,TX,233257.04
2005,7,TX,262694.63
2005,8,TX,343688.73
2005,9,TX,357570.69
2005,10,TX,323029.75
2005,11,TX,266963.33
2005,12,TX,342228.86
2006,1,TX,312311.84
2006,2,TX,264948.01
2006,3,TX,265770.43
2006,4,TX,265989.5
2006,5,TX,357356.48
2006,6,TX,346554.17
2006,7,TX,319118.9
2006,8,TX,330078.85
2006,9,TX,309449.05
2006,10,TX,256299.21
2006,11,TX,279766.53
2006,12,TX,302840.84
2007,1,TX,407589.0
2007,2,TX,90959.0
2007,3,TX,70222.0
2007,4,TX,267395.0
2007,5,TX,239570.0
2007,6,TX,263151.0
2007,7,TX,192801.0
2007,8,TX,249739.0
2007,9,TX,220726.0
2007,10,TX,229531.0
2007,11,TX,204761.0
2007,12,TX,262835.0
2001,1,UT,7059.0
2001,2,UT,7749.0
2001,3,UT,7290.0
2001,4,UT,8381.0
2001,5,UT,9123.0
2001,6,UT,12644.0
2001,7,UT,10381.0
2001,8,UT,8975.0
2001,9,UT,7267.0
2001,10,UT,7339.0
2001,11,UT,8489.0
2001,12,UT,14837.0
2002,1,UT,6314.0
2002,2,UT,7105.0
2002,3,UT,8408.0
2002,4,UT,7713.0
2002,5,UT,6770.0
2002,6,UT,8316.0
2002,7,UT,8425.0
2002,8,UT,9978.0
2002,9,UT,7919.0
2002,10,UT,6097.0
2002,11,UT,7426.0
2002,12,UT,11116.0
2003,1,UT,5672.0
2003,2,UT,7768.0
2003,3,UT,7030.0
2003,4,UT,5477.0
2003,5,UT,4576.0
2003,6,UT,4254.0
2003,7,UT,1871.0
2003,8,UT,3644.0
2003,9,UT,3561.0
2003,10,UT,5351.0
2003,11,UT,3842.0
2003,12,UT,7086.0
2004,1,UT,4929.82
2004,2,UT,7282.74
2004,3,UT,6200.21
2004,4,UT,7111.23
2004,5,UT,3719.11
2004,6,UT,2548.19
2004,7,UT,4892.47
2004,8,UT,3763.72
2004,9,UT,4222.7
2004,10,UT,4858.99
2004,11,UT,5666.62
2004,12,UT,3448.62
2005,1,UT,5854.58
2005,2,UT,5841.22
2005,3,UT,4586.37
2005,4,UT,6352.41
2005,5,UT,7266.51
2005,6,UT,5764.1
2005,7,UT,5717.19
2005,8,UT,6694.51
2005,9,UT,6593.47
2005,10,UT,7237.44
2005,11,UT,6506.83
2005,12,UT,5731.41
2006,1,UT,8673.93
2006,2,UT,8229.23
2006,3,UT,9619.59
2006,4,UT,11239.94
2006,5,UT,12837.49
2006,6,UT,11372.19
2006,7,UT,10855.91
2006,8,UT,13988.23
2006,9,UT,9312.91
2006,10,UT,9822.45
2006,11,UT,10226.72
2006,12,UT,8996.08
2007,1,UT,5658.0
2007,2,UT,2726.0
2007,3,UT,5953.0
2007,4,UT,4765.0
2007,5,UT,15923.0
2007,6,UT,10772.0
2007,7,UT,2111.0
2007,8,UT,4214.0
2007,9,UT,5138.0
2007,10,UT,3883.0
2007,11,UT,7971.0
2007,12,UT,4373.0
2001,1,VA,1019395.0
2001,2,VA,525230.0
2001,3,VA,1170501.0
2001,4,VA,1085490.0
2001,5,VA,400489.0
2001,6,VA,709766.0
2001,7,VA,706018.0
2001,8,VA,1194444.0
2001,9,VA,216865.0
2001,10,VA,147113.0
2001,11,VA,590113.0
2001,12,VA,548212.0
2002,1,VA,529326.0
2002,2,VA,398463.0
2002,3,VA,352407.0
2002,4,VA,536676.0
2002,5,VA,166345.0
2002,6,VA,712420.0
2002,7,VA,1034572.0
2002,8,VA,966083.0
2002,9,VA,149762.0
2002,10,VA,81414.0
2002,11,VA,336321.0
2002,12,VA,620368.0
2003,1,VA,1792966.0
2003,2,VA,853439.0
2003,3,VA,607177.0
2003,4,VA,603591.0
2003,5,VA,187970.0
2003,6,VA,1055741.0
2003,7,VA,1087013.0
2003,8,VA,1274830.0
2003,9,VA,426819.0
2003,10,VA,264668.0
2003,11,VA,59521.0
2003,12,VA,1097357.0
2004,1,VA,1623250.22
2004,2,VA,768188.82
2004,3,VA,594710.14
2004,4,VA,479555.36
2004,5,VA,1295392.73
2004,6,VA,509322.96
2004,7,VA,1169599.29
2004,8,VA,734468.8
2004,9,VA,282473.29
2004,10,VA,30061.18
2004,11,VA,27546.69
2004,12,VA,716981.58
2005,1,VA,1100780.18
2005,2,VA,657236.6
2005,3,VA,300461.64
2005,4,VA,32296.59
2005,5,VA,41787.06
2005,6,VA,527808.46
2005,7,VA,883753.93
2005,8,VA,1059133.94
2005,9,VA,790450.04
2005,10,VA,479404.91
2005,11,VA,35056.38
2005,12,VA,1029457.17
2006,1,VA,31259.99
2006,2,VA,60587.96
2006,3,VA,27221.93
2006,4,VA,25264.87
2006,5,VA,29396.63
2006,6,VA,166676.12
2006,7,VA,380534.54
2006,8,VA,456810.02
2006,9,VA,33441.23
2006,10,VA,45191.77
2006,11,VA,36319.47
2006,12,VA,88233.27
2007,1,VA,308477.0
2007,2,VA,1179538.0
2007,3,VA,350013.0
2007,4,VA,245604.0
2007,5,VA,51828.0
2007,6,VA,307681.0
2007,7,VA,179696.0
2007,8,VA,547791.0
2007,9,VA,39005.0
2007,10,VA,119909.0
2007,11,VA,22554.0
2007,12,VA,56258.0
2001,1,VT,38577.0
2001,2,VT,8237.0
2001,3,VT,2708.0
2001,4,VT,2912.0
2001,5,VT,4047.0
2001,6,VT,4030.0
2001,7,VT,6588.0
2001,8,VT,10347.0
2001,9,VT,3054.0
2001,10,VT,3272.0
2001,11,VT,1570.0
2001,12,VT,1898.0
2002,1,VT,2713.0
2002,2,VT,7082.0
2002,3,VT,2773.0
2002,4,VT,2166.0
2002,5,VT,1810.0
2002,6,VT,2413.0
2002,7,VT,3570.0
2002,8,VT,4811.0
2002,9,VT,1461.0
2002,10,VT,467.0
2002,11,VT,213.0
2002,12,VT,934.0
2003,1,VT,11062.0
2003,2,VT,14220.0
2003,3,VT,7254.0
2003,4,VT,2990.0
2003,5,VT,1404.0
2003,6,VT,5336.0
2003,7,VT,1544.0
2003,8,VT,4043.0
2003,9,VT,2909.0
2003,10,VT,1893.0
2003,11,VT,1659.0
2003,12,VT,2390.0
2004,1,VT,21646.86
2004,2,VT,6479.41
2004,3,VT,656.79
2004,4,VT,203.0
2004,5,VT,7.0
2004,6,VT,7867.07
2004,7,VT,2.0
2004,8,VT,2897.25
2004,9,VT,100.53
2004,10,VT,498.58
2004,11,VT,26.0
2004,12,VT,4493.5
2005,1,VT,4371.48
2005,2,VT,1571.83
2005,3,VT,1886.51
2005,4,VT,1954.19
2005,5,VT,1816.02
2005,6,VT,2397.42
2005,7,VT,2579.52
2005,8,VT,3017.31
2005,9,VT,1842.93
2005,10,VT,2135.61
2005,11,VT,1818.28
2005,12,VT,3494.93
2006,1,VT,2401.25
2006,2,VT,1328.12
2006,3,VT,1009.08
2006,4,VT,1890.2
2006,5,VT,1758.45
2006,6,VT,1687.31
2006,7,VT,2361.18
2006,8,VT,2853.7
2006,9,VT,1214.72
2006,10,VT,1101.84
2006,11,VT,1292.3
2006,12,VT,1464.92
2007,1,VT,2857.0
2007,2,VT,4119.0
2007,3,VT,2223.0
2007,4,VT,1049.0
2007,5,VT,981.0
2007,6,VT,1294.0
2007,7,VT,1259.0
2007,8,VT,1340.0
2007,9,VT,1308.0
2007,10,VT,1038.0
2007,11,VT,765.0
2007,12,VT,2305.0
2001,1,WA,414358.0
2001,2,WA,71705.0
2001,3,WA,29191.0
2001,4,WA,18358.0
2001,5,WA,3326.0
2001,6,WA,10779.0
2001,7,WA,7356.0
2001,8,WA,4644.0
2001,9,WA,8596.0
2001,10,WA,11729.0
2001,11,WA,5620.0
2001,12,WA,11554.0
2002,1,WA,27174.0
2002,2,WA,11638.0
2002,3,WA,19477.0
2002,4,WA,10164.0
2002,5,WA,7009.0
2002,6,WA,13921.0
2002,7,WA,10138.0
2002,8,WA,4796.0
2002,9,WA,8707.0
2002,10,WA,6670.0
2002,11,WA,16451.0
2002,12,WA,13357.0
2003,1,WA,10650.0
2003,2,WA,16129.0
2003,3,WA,17268.0
2003,4,WA,5160.0
2003,5,WA,7127.0
2003,6,WA,9656.0
2003,7,WA,4763.0
2003,8,WA,3667.0
2003,9,WA,6143.0
2003,10,WA,6808.0
2003,11,WA,17771.0
2003,12,WA,19935.0
2004,1,WA,33889.1
2004,2,WA,16670.7
2004,3,WA,12501.88
2004,4,WA,924.21
2004,5,WA,3237.81
2004,6,WA,6121.31
2004,7,WA,2554.94
2004,8,WA,13951.85
2004,9,WA,1986.93
2004,10,WA,7021.74
2004,11,WA,11390.96
2004,12,WA,8392.42
2005,1,WA,10391.5
2005,2,WA,6359.74
2005,3,WA,5399.85
2005,4,WA,3631.43
2005,5,WA,8094.2
2005,6,WA,7873.51
2005,7,WA,5966.28
2005,8,WA,9034.31
2005,9,WA,5079.54
2005,10,WA,5687.01
2005,11,WA,5910.81
2005,12,WA,9082.92
2006,1,WA,7403.32
2006,2,WA,9931.2
2006,3,WA,2961.43
2006,4,WA,2632.0
2006,5,WA,1653.29
2006,6,WA,4003.14
2006,7,WA,6016.77
2006,8,WA,4213.36
2006,9,WA,5048.25
2006,10,WA,1144.09
2006,11,WA,10156.08
2006,12,WA,4068.26
2007,1,WA,2821.0
2007,2,WA,1502.0
2007,3,WA,4708.0
2007,4,WA,4382.0
2007,5,WA,2477.0
2007,6,WA,8525.0
2007,7,WA,4668.0
2007,8,WA,2298.0
2007,9,WA,2269.0
2007,10,WA,4402.0
2007,11,WA,4686.0
2007,12,WA,5843.0
2001,1,WI,95392.0
2001,2,WI,82179.0
2001,3,WI,76595.0
2001,4,WI,80335.0
2001,5,WI,88873.0
2001,6,WI,64346.0
2001,7,WI,89005.0
2001,8,WI,136503.0
2001,9,WI,65825.0
2001,10,WI,78168.0
2001,11,WI,77734.0
2001,12,WI,84860.0
2002,1,WI,77657.0
2002,2,WI,67941.0
2002,3,WI,70993.0
2002,4,WI,81273.0
2002,5,WI,84924.0
2002,6,WI,86583.0
2002,7,WI,84974.0
2002,8,WI,82788.0
2002,9,WI,68128.0
2002,10,WI,62890.0
2002,11,WI,57715.0
2002,12,WI,62484.0
2003,1,WI,89887.0
2003,2,WI,89585.0
2003,3,WI,82744.0
2003,4,WI,81957.0
2003,5,WI,57665.0
2003,6,WI,63348.0
2003,7,WI,80262.0
2003,8,WI,97245.0
2003,9,WI,71184.0
2003,10,WI,71215.0
2003,11,WI,63489.0
2003,12,WI,80934.0
2004,1,WI,190701.19
2004,2,WI,108365.26
2004,3,WI,89561.52
2004,4,WI,107733.0
2004,5,WI,119492.95
2004,6,WI,133096.42
2004,7,WI,126835.6
2004,8,WI,92256.58
2004,9,WI,85739.78
2004,10,WI,99956.91
2004,11,WI,108675.84
2004,12,WI,103635.85
2005,1,WI,116533.33
2005,2,WI,108506.57
2005,3,WI,80189.12
2005,4,WI,120842.36
2005,5,WI,83255.57
2005,6,WI,145279.87
2005,7,WI,142307.98
2005,8,WI,122859.31
2005,9,WI,97658.97
2005,10,WI,130637.43
2005,11,WI,107334.66
2005,12,WI,120308.05
2006,1,WI,106989.68
2006,2,WI,144902.46
2006,3,WI,149145.59
2006,4,WI,89647.05
2006,5,WI,112928.99
2006,6,WI,134087.82
2006,7,WI,198922.15
2006,8,WI,196170.45
2006,9,WI,143521.0
2006,10,WI,151140.98
2006,11,WI,164087.53
2006,12,WI,183039.71
2007,1,WI,184855.0
2007,2,WI,240878.0
2007,3,WI,129337.0
2007,4,WI,148623.0
2007,5,WI,152167.0
2007,6,WI,162818.0
2007,7,WI,172895.0
2007,8,WI,201901.0
2007,9,WI,132900.0
2007,10,WI,124771.0
2007,11,WI,126926.0
2007,12,WI,148956.0
2001,1,WV,35244.0
2001,2,WV,41343.0
2001,3,WV,45453.0
2001,4,WV,32238.0
2001,5,WV,25732.0
2001,6,WV,39190.0
2001,7,WV,40266.0
2001,8,WV,48404.0
2001,9,WV,22013.0
2001,10,WV,19336.0
2001,11,WV,34051.0
2001,12,WV,38657.0
2002,1,WV,32946.0
2002,2,WV,33658.0
2002,3,WV,62058.0
2002,4,WV,31257.0
2002,5,WV,37662.0
2002,6,WV,33649.0
2002,7,WV,37747.0
2002,8,WV,29238.0
2002,9,WV,33564.0
2002,10,WV,38224.0
2002,11,WV,37068.0
2002,12,WV,63882.0
2003,1,WV,49752.0
2003,2,WV,70498.0
2003,3,WV,28968.0
2003,4,WV,36923.0
2003,5,WV,38359.0
2003,6,WV,33563.0
2003,7,WV,29711.0
2003,8,WV,27007.0
2003,9,WV,30008.0
2003,10,WV,19785.0
2003,11,WV,31273.0
2003,12,WV,40093.0
2004,1,WV,56994.85
2004,2,WV,54920.35
2004,3,WV,61195.54
2004,4,WV,34123.47
2004,5,WV,36269.58
2004,6,WV,39580.83
2004,7,WV,25759.0
2004,8,WV,18497.05
2004,9,WV,27656.08
2004,10,WV,32057.6
2004,11,WV,42556.63
2004,12,WV,41992.17
2005,1,WV,42606.63
2005,2,WV,28431.51
2005,3,WV,27701.69
2005,4,WV,46102.62
2005,5,WV,30909.18
2005,6,WV,34935.6
2005,7,WV,23707.78
2005,8,WV,28599.05
2005,9,WV,23198.97
2005,10,WV,30500.8
2005,11,WV,35769.59
2005,12,WV,44623.81
2006,1,WV,36207.04
2006,2,WV,29176.66
2006,3,WV,25087.19
2006,4,WV,29207.41
2006,5,WV,19744.37
2006,6,WV,28947.33
2006,7,WV,26101.48
2006,8,WV,21816.08
2006,9,WV,17063.68
2006,10,WV,24935.93
2006,11,WV,30072.6
2006,12,WV,22417.27
2007,1,WV,29563.0
2007,2,WV,37817.0
2007,3,WV,28109.0
2007,4,WV,53825.0
2007,5,WV,16610.0
2007,6,WV,38047.0
2007,7,WV,23115.0
2007,8,WV,30783.0
2007,9,WV,32237.0
2007,10,WV,11971.0
2007,11,WV,19843.0
2007,12,WV,34816.0
2001,1,WY,5589.0
2001,2,WY,4484.0
2001,3,WY,4659.0
2001,4,WY,3304.0
2001,5,WY,8258.0
2001,6,WY,8088.0
2001,7,WY,3507.0
2001,8,WY,8302.0
2001,9,WY,6782.0
2001,10,WY,8772.0
2001,11,WY,4025.0
2001,12,WY,7204.0
2002,1,WY,7990.0
2002,2,WY,6158.0
2002,3,WY,5680.0
2002,4,WY,12476.0
2002,5,WY,2691.0
2002,6,WY,14051.0
2002,7,WY,3629.0
2002,8,WY,7642.0
2002,9,WY,3949.0
2002,10,WY,8845.0
2002,11,WY,4106.0
2002,12,WY,2940.0
2003,1,WY,4664.0
2003,2,WY,6621.0
2003,3,WY,7711.0
2003,4,WY,8435.0
2003,5,WY,9663.0
2003,6,WY,11389.0
2003,7,WY,5556.0
2003,8,WY,8476.0
2003,9,WY,6306.0
2003,10,WY,7067.0
2003,11,WY,5557.0
2003,12,WY,6688.0
2004,1,WY,8949.93
2004,2,WY,7965.3
2004,3,WY,7871.46
2004,4,WY,9855.63
2004,5,WY,8154.28
2004,6,WY,6754.62
2004,7,WY,11088.9
2004,8,WY,4910.04
2004,9,WY,3606.8
2004,10,WY,9901.93
2004,11,WY,5216.97
2004,12,WY,10686.36
2005,1,WY,6998.76
2005,2,WY,6585.6
2005,3,WY,6312.35
2005,4,WY,5335.92
2005,5,WY,9917.36
2005,6,WY,8947.65
2005,7,WY,5363.73
2005,8,WY,4112.07
2005,9,WY,8511.37
2005,10,WY,7329.62
2005,11,WY,3335.22
2005,12,WY,6576.35
2006,1,WY,4753.82
2006,2,WY,6281.81
2006,3,WY,7481.62
2006,4,WY,2901.44
2006,5,WY,8036.02
2006,6,WY,18252.51
2006,7,WY,8876.28
2006,8,WY,5664.12
2006,9,WY,3576.9
2006,10,WY,10858.69
2006,11,WY,4520.25
2006,12,WY,8410.08
2007,1,WY,4390.0
2007,2,WY,8145.0
2007,3,WY,4749.0
2007,4,WY,8898.0
2007,5,WY,10323.0
2007,6,WY,5183.0
2007,7,WY,5324.0
2007,8,WY,5383.0
2007,9,WY,6235.0
2007,10,WY,9946.0
2007,11,WY,6485.0
2007,12,WY,9823.0
